540	3.819953	-1.566812
573	5.535994	-1.552584
488	4.951469	-1.529004
509	6.14381	-1.526854
592	2.917732	-1.505016
551	5.897597	-1.500415
594	3.582017	-1.497248
567	2.341806	-1.495105
557	3.151819	-1.494557
523	3.381439	-1.485684
465	0.058135	-1.483427
588	5.637595	-1.480217
551	0.42526	-1.47951
563	5.855749	-1.477704
596	4.115754	-1.474198
386	3.7827	-1.460278
588	4.389046	-1.452806
544	3.93504	-1.4526
523	3.94786	-1.449289
590	0.427247	-1.448192
521	5.719872	-1.443715
536	3.646204	-1.442796
569	1.303972	-1.439382
509	0.043793	-1.435079
600	2.621185	-1.434918
546	6.272494	-1.434134
492	6.248761	-1.431498
598	1.138675	-1.423845
567	4.736141	-1.422205
448	5.960564	-1.420377
584	5.218642	-1.419823
476	5.403145	-1.418758
523	3.744741	-1.413849
544	5.381225	-1.413106
569	2.504082	-1.412695
544	2.200598	-1.412231
575	6.074647	-1.412192
475	4.587843	-1.411256
596	1.745533	-1.410465
548	2.461623	-1.410004
507	2.817762	-1.405692
569	1.471067	-1.404501
528	2.815532	-1.404458
308	5.846949	-1.403937
561	4.840373	-1.400321
553	1.125671	-1.400002
594	5.979413	-1.398427
563	3.762864	-1.398166
580	2.847087	-1.388581
507	2.294768	-1.387618
588	1.817697	-1.386148
480	3.221651	-1.38426
509	0.661774	-1.380717
509	1.944455	-1.380455
331	3.874026	-1.379591
582	0.818213	-1.378636
373	4.334779	-1.377011
544	6.216324	-1.375171
565	5.914213	-1.374824
296	4.277676	-1.373402
333	2.772762	-1.371965
596	3.202413	-1.37137
594	0.408655	-1.370159
565	3.465736	-1.369164
555	0.916236	-1.3675
555	1.309975	-1.366598
540	3.139955	-1.365222
586	4.098514	-1.359919
571	3.739146	-1.355551
578	1.214581	-1.355353
555	1.989981	-1.354973
399	4.376806	-1.352917
573	5.837447	-1.352833
407	2.184494	-1.352362
544	0.093711	-1.351353
355	5.67875	-1.3507
565	0.855013	-1.350687
578	6.166794	-1.350629
283	0.111873	-1.348357
565	3.927822	-1.346705
436	0.00697	-1.345042
513	5.518365	-1.3443
423	2.175201	-1.342506
582	6.188911	-1.341623
244	3.68847	-1.340355
528	2.558389	-1.339994
571	3.79441	-1.339171
586	2.409442	-1.338021
478	3.917767	-1.338015
498	3.085905	-1.337233
446	3.162442	-1.335511
488	1.448092	-1.332415
598	2.772514	-1.331845
569	4.702329	-1.329559
590	5.811597	-1.328473
594	3.311382	-1.3276
548	4.049238	-1.325222
584	3.042396	-1.324644
546	4.761524	-1.324541
475	3.175779	-1.315404
540	2.867852	-1.310738
436	0.743841	-1.310163
594	4.815394	-1.309769
476	1.287988	-1.307898
451	0.21199	-1.307667
576	2.432212	-1.307154
478	3.513011	-1.307032
505	1.615458	-1.304677
490	2.789318	-1.300154
592	0.531765	-1.299324
234	0.991507	-1.29572
419	2.724438	-1.292094
565	4.856035	-1.290939
442	1.460604	-1.287031
598	4.767233	-1.285815
578	0.623407	-1.285362
559	6.058877	-1.284321
503	3.168585	-1.283806
578	2.190713	-1.281076
594	2.237072	-1.28032
421	2.753399	-1.277959
546	3.897425	-1.277414
569	5.538602	-1.277094
526	2.735024	-1.277024
467	2.4941	-1.275504
563	3.281942	-1.274111
448	5.238557	-1.272522
373	2.015066	-1.267216
451	2.378653	-1.267157
590	5.547297	-1.266137
571	5.189828	-1.265423
536	4.21467	-1.263638
600	2.985324	-1.261116
517	5.866819	-1.261068
561	3.388243	-1.259868
444	3.283261	-1.258957
569	2.707263	-1.258911
553	2.810713	-1.257767
557	3.487676	-1.257257
517	2.750352	-1.256512
521	3.358663	-1.256398
567	3.95813	-1.25498
569	5.608183	-1.253135
565	4.012008	-1.253009
501	3.339847	-1.2516
523	2.474481	-1.249693
592	5.594956	-1.249157
328	3.413259	-1.248762
523	2.181216	-1.248096
584	0.575155	-1.247631
580	2.929927	-1.246807
370	4.90017	-1.246649
513	1.32085	-1.244671
596	5.389164	-1.242479
521	4.338552	-1.238975
598	1.795286	-1.238547
588	2.811814	-1.236699
594	4.504395	-1.234312
523	2.380804	-1.231129
335	1.870747	-1.230442
588	6.215183	-1.230289
555	3.572533	-1.229494
569	1.76684	-1.22931
594	5.869419	-1.22926
588	1.942342	-1.22878
567	2.26493	-1.228483
484	3.711074	-1.227062
451	3.097714	-1.225671
409	5.555994	-1.223934
592	4.547009	-1.22388
494	4.31298	-1.223209
383	3.989466	-1.223119
381	2.677937	-1.222393
486	1.669564	-1.221456
509	3.821903	-1.221217
594	2.723746	-1.220295
503	5.603718	-1.217087
214	2.41381	-1.2168
519	1.681961	-1.216336
598	3.470729	-1.216138
501	5.719386	-1.215263
592	0.090138	-1.215186
567	5.392451	-1.214935
519	0.240003	-1.213474
430	0.644814	-1.213425
353	5.623212	-1.213096
578	3.32522	-1.211391
457	3.62937	-1.211281
573	2.77116	-1.210412
592	0.819508	-1.208902
332	3.303837	-1.206641
137	4.401127	-1.204759
498	0.330542	-1.202115
559	1.608927	-1.201546
573	6.042629	-1.201142
511	5.451118	-1.200374
588	4.989441	-1.200011
553	2.431643	-1.198862
494	2.361179	-1.198763
335	4.009507	-1.198683
455	0.618504	-1.198333
584	3.169223	-1.198193
490	2.129004	-1.197596
478	4.169126	-1.197347
496	5.110245	-1.194397
515	5.017281	-1.19423
596	5.079309	-1.193297
584	3.161876	-1.192561
565	4.041498	-1.192223
548	3.238462	-1.192184
526	4.470491	-1.191687
465	0.696328	-1.191483
571	2.28597	-1.190518
563	2.848269	-1.190498
563	3.774734	-1.190233
368	3.343538	-1.18871
248	3.218287	-1.186137
394	1.906031	-1.186078
471	1.831909	-1.185377
523	3.469895	-1.184958
484	0.585742	-1.184058
475	2.955353	-1.183743
561	3.440323	-1.183279
442	4.546548	-1.18282
352	3.293904	-1.182581
526	0.591123	-1.182398
559	3.801646	-1.181886
590	4.416971	-1.181267
505	3.642581	-1.180752
455	0.50149	-1.180671
573	3.044761	-1.180199
528	0.722313	-1.180133
550	3.238121	-1.178484
590	5.884479	-1.177903
565	6.10139	-1.177598
409	4.960882	-1.173447
557	4.508611	-1.172792
446	1.369022	-1.172607
569	4.392414	-1.171284
573	3.968436	-1.170839
573	2.434131	-1.17026
563	3.020878	-1.168703
534	5.23767	-1.168477
492	5.244155	-1.168389
569	1.526704	-1.167649
555	2.71824	-1.167646
546	1.706143	-1.167114
544	4.194995	-1.166727
411	3.090281	-1.166138
580	5.191876	-1.166109
551	2.315082	-1.165762
434	3.478517	-1.16559
567	5.419033	-1.165192
401	3.078802	-1.164638
580	2.493864	-1.164467
548	1.28067	-1.163706
588	5.049251	-1.163454
578	4.974441	-1.16332
586	6.139739	-1.162055
509	2.94686	-1.160855
471	0.634605	-1.160539
438	2.366871	-1.158826
544	2.676962	-1.15843
561	5.272375	-1.158106
379	4.087208	-1.157451
377	5.432159	-1.155464
350	5.273918	-1.15504
350	2.206696	-1.1543
580	0.522222	-1.153079
571	2.084328	-1.150322
594	4.054677	-1.149999
530	5.155798	-1.149372
517	3.783519	-1.148804
509	2.656021	-1.1487
592	3.658734	-1.148434
463	1.504359	-1.147302
596	3.169472	-1.14684
480	2.174306	-1.145168
393	1.619884	-1.144759
501	6.282814	-1.144536
532	4.344761	-1.143109
548	0.185316	-1.142634
511	0.273641	-1.142427
586	4.135935	-1.142185
488	3.052121	-1.141407
430	5.613158	-1.140895
590	3.438816	-1.139807
551	3.961678	-1.139276
592	4.916901	-1.138821
550	0.338522	-1.138161
546	3.106057	-1.138059
538	2.744801	-1.137543
571	2.703954	-1.136859
315	2.561715	-1.13572
350	3.850674	-1.13402
496	5.878843	-1.133881
565	2.981698	-1.133674
426	0.087381	-1.132335
513	4.910688	-1.13221
590	4.18807	-1.131919
352	0.978219	-1.1311
333	4.650138	-1.129641
536	5.715962	-1.129445
436	3.171617	-1.127717
580	2.207233	-1.127492
590	3.578664	-1.127064
555	4.902729	-1.126632
442	3.508143	-1.126361
473	4.047209	-1.126287
590	2.819916	-1.125993
561	1.958503	-1.125909
586	2.382936	-1.125738
548	3.513506	-1.125476
542	2.802285	-1.125153
528	6.214244	-1.124072
341	2.805428	-1.123896
546	2.822436	-1.123706
513	0.371265	-1.123459
592	3.136334	-1.122937
544	6.272639	-1.122212
580	2.820863	-1.121609
511	1.452951	-1.120983
588	4.110367	-1.12016
425	2.743995	-1.120018
578	2.935445	-1.119972
596	2.186584	-1.11886
538	0.780145	-1.118255
550	4.31076	-1.118023
498	3.947937	-1.117558
465	3.222036	-1.117065
528	2.992051	-1.116527
538	2.810488	-1.116333
540	5.535076	-1.115758
555	3.894627	-1.113684
490	3.096584	-1.113319
553	0.721943	-1.111852
592	4.774667	-1.111589
446	3.654933	-1.11154
361	4.25615	-1.111524
540	1.671265	-1.111486
469	4.749824	-1.111214
548	3.219124	-1.110318
450	4.003995	-1.110213
542	2.095848	-1.109463
590	1.03003	-1.107655
308	4.167614	-1.107054
390	1.342013	-1.10653
509	1.142696	-1.10631
457	3.15481	-1.105019
588	5.987208	-1.102847
528	3.160442	-1.102449
137	3.257664	-1.101302
444	1.545042	-1.101152
561	3.328508	-1.10058
542	4.780812	-1.100524
555	0.142805	-1.100101
361	3.035918	-1.099902
415	0.137662	-1.09889
488	0.913541	-1.098486
559	2.161015	-1.098084
563	0.75187	-1.097978
592	5.409918	-1.097944
561	3.86279	-1.097384
421	0.234002	-1.097311
528	2.257209	-1.097
596	6.238442	-1.096755
557	1.193679	-1.096481
567	0.737499	-1.096183
573	4.960717	-1.096102
255	2.496881	-1.095873
573	3.91274	-1.095736
546	0.062601	-1.095578
517	2.57841	-1.095111
594	3.099944	-1.093438
559	4.159922	-1.092694
532	3.609247	-1.092389
553	0.862788	-1.092172
561	4.375592	-1.091773
557	1.168349	-1.091197
528	0.86473	-1.090974
321	2.553622	-1.090969
353	1.455714	-1.090654
490	3.069687	-1.090647
323	1.110133	-1.090375
563	5.179691	-1.090023
444	2.908337	-1.089507
463	2.447594	-1.089166
457	2.405411	-1.087638
588	1.436796	-1.087591
509	4.849333	-1.086985
565	5.298943	-1.086975
565	2.481804	-1.086875
519	1.111817	-1.085459
478	4.940227	-1.08538
322	1.051114	-1.084888
528	2.630315	-1.084841
465	1.601583	-1.084799
467	3.05823	-1.083675
125	1.207605	-1.083449
551	4.757936	-1.082156
575	6.095374	-1.082124
351	5.903576	-1.081792
540	2.917173	-1.081182
356	1.781075	-1.081094
598	1.047148	-1.08027
465	2.85577	-1.07908
567	3.046134	-1.079075
575	3.265641	-1.078524
528	0.293692	-1.078182
540	3.983794	-1.077634
573	3.565722	-1.076724
381	2.757727	-1.076613
576	2.461319	-1.075976
480	4.32328	-1.075708
571	3.035783	-1.074741
311	0.518205	-1.074598
465	2.658868	-1.074238
503	5.399992	-1.073896
501	3.861479	-1.073756
377	4.813735	-1.073271
371	1.041724	-1.071635
569	2.997582	-1.071098
542	2.751742	-1.070857
281	2.69253	-1.070451
505	2.527899	-1.070376
490	2.13373	-1.069916
486	3.041303	-1.069592
553	3.751856	-1.06941
521	1.156674	-1.068811
398	3.082745	-1.067764
576	3.105444	-1.067416
573	6.239419	-1.067015
569	2.995808	-1.066661
540	4.909575	-1.066313
448	1.052878	-1.066033
511	3.502145	-1.064447
569	2.767274	-1.064441
446	3.340685	-1.064321
494	3.163212	-1.064097
546	2.359525	-1.064021
565	4.000932	-1.063906
459	2.893335	-1.063093
509	3.043726	-1.062963
501	3.178303	-1.061983
-5	3.838384	-1.061781
536	0.444182	-1.060972
417	4.586291	-1.059127
576	4.028126	-1.058669
438	2.334584	-1.058451
536	3.48909	-1.058283
417	2.092765	-1.057444
501	5.391229	-1.057341
375	2.807971	-1.057088
515	5.410681	-1.056751
515	2.078297	-1.056387
565	2.859238	-1.056227
596	4.009107	-1.05585
306	3.234809	-1.054204
125	3.681877	-1.053707
598	3.375852	-1.053298
590	3.365429	-1.052952
598	3.374444	-1.05293
461	2.934774	-1.05274
555	0.632247	-1.052636
561	2.084669	-1.052495
580	2.458542	-1.052475
594	2.047337	-1.052156
557	0.186287	-1.051784
232	5.840322	-1.051726
465	4.968124	-1.0507
598	4.169342	-1.050298
555	4.675698	-1.050064
486	3.9077	-1.049185
500	1.580201	-1.04889
494	6.1215	-1.048171
513	3.457033	-1.045811
488	2.271621	-1.043027
532	0.801172	-1.042618
561	1.240719	-1.042535
532	2.87021	-1.042525
542	4.534395	-1.041866
191	3.349819	-1.041764
538	3.324606	-1.041714
494	5.785112	-1.040844
480	2.776575	-1.039596
517	3.018605	-1.038745
122	2.192633	-1.038639
596	0.176318	-1.0377
507	3.018411	-1.037463
598	4.616	-1.037303
532	2.5796	-1.037174
548	3.279799	-1.037142
546	2.412609	-1.036969
586	3.880086	-1.036857
291	5.243602	-1.036305
469	4.028999	-1.035341
419	1.11912	-1.035007
252	2.430766	-1.034549
453	2.50649	-1.033753
542	2.343044	-1.033739
571	2.804209	-1.033512
584	5.195611	-1.033124
399	2.787082	-1.032939
521	3.380066	-1.032304
478	2.08065	-1.031944
501	3.465603	-1.031539
534	2.353607	-1.03122
300	4.406015	-1.030467
561	4.755852	-1.030444
401	3.261509	-1.029602
355	2.917273	-1.029309
405	2.404052	-1.029168
498	1.423845	-1.02822
576	5.223353	-1.028021
354	2.851379	-1.027198
478	2.668587	-1.026743
488	2.788135	-1.026551
451	4.003419	-1.026269
588	3.586736	-1.02604
346	3.207678	-1.025362
401	2.739639	-1.025197
548	2.781412	-1.02509
561	3.465363	-1.024228
571	2.908105	-1.024075
519	2.710224	-1.020737
586	3.861222	-1.020625
540	6.14028	-1.020606
482	3.763879	-1.020308
335	5.47514	-1.020216
490	2.932421	-1.01968
469	2.488806	-1.018609
588	3.261481	-1.017811
503	0.422138	-1.01702
413	6.097439	-1.016409
600	2.01974	-1.01631
584	2.248244	-1.016215
409	2.961523	-1.015545
559	2.863492	-1.013236
557	4.550603	-1.012474
467	2.248537	-1.012454
544	1.688909	-1.01233
565	2.533827	-1.012006
596	5.141878	-1.011998
598	4.991716	-1.011593
565	2.72204	-1.011486
580	5.22273	-1.010993
507	4.424444	-1.010707
596	0.908827	-1.010235
565	2.984266	-1.010203
505	0.655629	-1.008965
528	5.86838	-1.008738
486	4.204208	-1.008367
548	4.318618	-1.008041
538	3.65414	-1.007249
440	3.086263	-1.006995
596	3.241185	-1.006639
463	2.737589	-1.005994
523	5.83	-1.004754
381	2.773281	-1.004569
582	4.64664	-1.004359
350	2.426889	-1.004286
551	4.843045	-1.003967
588	5.84949	-1.003736
480	1.333045	-1.003094
551	2.825871	-1.002996
484	0.189168	-1.002921
538	5.937671	-1.002208
596	4.015205	-1.001784
569	0.217894	-1.001579
596	2.626584	-1.000944
432	0.840167	-1.000451
523	2.072103	-1.000126
557	2.535247	-0.999367
561	2.847131	-0.999035
102	0.42635	-0.998968
565	3.670901	-0.99883
594	5.820861	-0.998649
430	3.379835	-0.997891
592	1.537359	-0.997562
34	3.277575	-0.996801
561	3.730426	-0.996336
256	2.492429	-0.995438
600	0.270658	-0.99488
598	3.454018	-0.993249
475	4.512655	-0.992895
571	4.91048	-0.992781
492	1.699407	-0.99227
536	6.13188	-0.992202
582	3.38572	-0.991975
438	5.773899	-0.990979
507	2.298203	-0.99082
573	2.822891	-0.990601
571	1.85138	-0.990471
255	5.347896	-0.99021
592	3.879516	-0.98903
540	1.261351	-0.989021
546	6.279151	-0.987433
555	4.551464	-0.986558
496	3.272077	-0.986548
525	3.343961	-0.985918
594	3.842109	-0.985077
592	2.568551	-0.984576
530	2.046891	-0.984551
469	3.753879	-0.984131
390	4.561391	-0.983975
517	3.237403	-0.98392
592	1.670852	-0.983841
567	1.66539	-0.983711
569	5.183706	-0.983707
598	3.133975	-0.982922
536	5.162811	-0.981926
582	0.958422	-0.981481
555	3.680221	-0.981108
490	0.435418	-0.980788
426	1.526404	-0.98029
550	3.281866	-0.979648
592	2.699314	-0.979317
600	2.136111	-0.978877
582	4.228718	-0.978392
503	2.709247	-0.978142
586	4.787113	-0.977791
239	4.44457	-0.97721
594	3.764982	-0.976727
500	0.610446	-0.976423
592	2.279176	-0.973453
598	1.826767	-0.972655
400	2.789533	-0.970467
580	1.87799	-0.970202
509	2.418592	-0.969875
492	1.777234	-0.969357
230	4.560982	-0.969178
598	2.45147	-0.968917
592	5.104555	-0.967638
519	3.97615	-0.96597
500	4.369125	-0.96513
450	0.29838	-0.964222
563	4.575578	-0.962891
415	3.224483	-0.962427
555	4.2779	-0.962369
584	2.844792	-0.962347
538	5.325603	-0.960818
380	1.19553	-0.960717
399	2.703571	-0.960443
309	2.452685	-0.960119
598	3.811548	-0.959906
465	5.750498	-0.959802
530	5.203849	-0.959447
538	1.615731	-0.959385
582	2.335234	-0.959329
553	3.373167	-0.959102
501	2.735005	-0.957791
580	0.155146	-0.956819
596	4.498588	-0.955277
480	5.520637	-0.955168
241	2.28945	-0.954837
594	3.650138	-0.954762
469	4.247604	-0.953482
598	4.451043	-0.952892
405	2.604305	-0.952387
553	3.585535	-0.95225
538	0.70101	-0.952076
561	4.616804	-0.951204
580	2.433455	-0.951116
448	2.971457	-0.951048
551	5.0739	-0.949873
548	1.330858	-0.949591
511	1.965744	-0.949451
594	2.23181	-0.949355
576	4.008887	-0.948832
565	1.515046	-0.948778
513	5.095483	-0.948159
463	2.725602	-0.948097
523	3.031471	-0.947088
594	4.212044	-0.945612
530	5.113609	-0.945362
576	3.211089	-0.943469
494	3.057419	-0.94193
475	6.041716	-0.94186
565	3.72682	-0.941292
482	2.732579	-0.940588
596	3.370279	-0.939511
428	4.261754	-0.939182
561	0.447182	-0.93795
534	5.500948	-0.937923
492	2.754903	-0.937527
403	4.246751	-0.93674
488	2.518561	-0.936693
594	3.721916	-0.93666
498	3.723112	-0.936645
536	5.839229	-0.93594
426	1.78833	-0.935889
551	0.462957	-0.934139
559	3.732194	-0.933927
448	5.958689	-0.933754
297	3.577438	-0.933163
542	1.26942	-0.933073
473	5.584459	-0.932865
463	3.708458	-0.932683
553	1.558687	-0.932431
569	2.470947	-0.931639
540	4.464317	-0.929152
534	2.939384	-0.929073
573	2.234383	-0.928725
569	3.76909	-0.928099
352	4.448776	-0.927827
590	2.996681	-0.927816
557	4.383668	-0.927683
596	2.88244	-0.926978
492	2.279323	-0.926922
511	2.116484	-0.92691
538	2.214873	-0.926571
588	2.268755	-0.925987
488	5.131067	-0.925164
407	2.080341	-0.924717
482	1.72341	-0.9246
596	2.516656	-0.924048
538	4.967479	-0.923953
590	1.73828	-0.923841
421	2.270209	-0.923664
582	4.863008	-0.923128
594	5.187632	-0.92307
409	5.268216	-0.922944
573	3.630627	-0.92173
578	3.91079	-0.921702
555	0.740381	-0.920806
390	6.025231	-0.920733
482	6.27851	-0.920591
578	5.643062	-0.920449
580	1.648739	-0.920367
526	2.340143	-0.920199
571	6.137489	-0.920172
-43	1.675305	-0.919714
557	3.811356	-0.919437
569	1.963479	-0.91894
553	1.548264	-0.918674
557	0.686806	-0.91705
446	1.988198	-0.916889
571	1.899595	-0.916292
494	5.298458	-0.91535
555	4.140101	-0.91522
578	3.299566	-0.914862
503	1.771056	-0.914723
500	3.870364	-0.914262
576	4.350857	-0.914235
569	0.150359	-0.914085
588	4.096379	-0.914073
457	3.192438	-0.914
525	5.001819	-0.913515
594	1.716702	-0.91332
563	1.921434	-0.912999
540	4.572588	-0.912753
582	2.363803	-0.910866
588	2.672032	-0.910416
532	3.427453	-0.909592
496	1.531034	-0.909468
498	4.942162	-0.909442
325	3.980598	-0.9093
594	1.922686	-0.909071
598	2.399623	-0.909021
530	1.00181	-0.908968
584	1.537679	-0.908535
555	1.369601	-0.908109
576	1.864109	-0.907022
480	5.428132	-0.90619
490	6.127072	-0.905672
511	4.64321	-0.904666
567	1.707387	-0.904539
542	2.656995	-0.904277
580	2.205751	-0.902813
567	3.138021	-0.902278
359	0.50591	-0.900759
475	5.460707	-0.900733
586	4.05114	-0.900553
553	1.04833	-0.899978
576	2.43782	-0.899944
413	0.595629	-0.899057
450	1.117119	-0.89862
540	3.257349	-0.897983
557	3.914043	-0.897925
448	3.606966	-0.897673
411	1.836342	-0.897146
390	5.971439	-0.895645
588	5.499357	-0.894755
492	1.775345	-0.894754
565	2.505189	-0.894574
557	2.676386	-0.894184
600	1.574379	-0.893898
582	2.387808	-0.893817
448	2.690733	-0.89369
571	3.390624	-0.893587
550	3.531771	-0.892999
421	1.515315	-0.891282
580	2.435166	-0.891006
490	1.947632	-0.890441
555	4.991464	-0.890434
544	0.221157	-0.889891
519	6.026298	-0.889247
540	0.759691	-0.887874
596	0.568969	-0.887077
442	0.462949	-0.886909
546	0.709268	-0.886644
534	3.590629	-0.886456
555	3.767023	-0.886143
310	3.178067	-0.885273
596	6.052976	-0.884656
507	3.176888	-0.884207
494	4.564033	-0.883723
588	4.157617	-0.883414
263	1.788681	-0.883389
553	1.393508	-0.883252
563	2.114934	-0.88297
492	4.634112	-0.881578
565	2.052502	-0.881556
592	5.029902	-0.881151
513	1.233837	-0.881068
503	3.807516	-0.880643
575	2.161527	-0.880502
600	2.907396	-0.880479
542	0.927549	-0.879278
571	3.662099	-0.879116
590	1.855606	-0.87895
455	0.005833	-0.878552
496	3.611283	-0.878261
544	1.700903	-0.876834
453	3.263942	-0.87669
580	6.227625	-0.876617
457	2.153615	-0.876083
376	4.275372	-0.875378
419	4.741323	-0.874262
486	4.263036	-0.873853
561	4.614021	-0.873704
584	2.078458	-0.87235
317	3.577916	-0.871794
459	2.24592	-0.871692
488	3.433546	-0.871027
353	4.58953	-0.870501
580	2.284948	-0.869572
519	2.936289	-0.868068
600	2.342992	-0.867098
528	2.064118	-0.865912
540	5.238911	-0.865835
573	6.052614	-0.865789
532	1.849587	-0.865409
436	1.330664	-0.865296
586	4.28682	-0.865203
532	3.418909	-0.864413
582	3.797615	-0.864268
559	4.112958	-0.863755
463	3.830508	-0.862643
255	2.822064	-0.862541
494	4.626851	-0.862456
548	2.740321	-0.862292
471	2.51689	-0.861411
590	5.237835	-0.861337
467	2.086723	-0.859486
451	4.202816	-0.859221
588	2.238123	-0.857919
553	1.321267	-0.857855
526	3.032295	-0.857606
571	2.934566	-0.856976
590	2.415186	-0.856858
557	3.959422	-0.856758
582	0.02754	-0.856524
375	0.398152	-0.856488
590	3.077063	-0.856432
389	4.838179	-0.856431
571	2.503425	-0.855304
267	3.322759	-0.854507
565	3.467633	-0.854457
386	3.373357	-0.854222
598	4.651067	-0.854065
476	1.879684	-0.854037
438	4.501399	-0.853001
444	3.32744	-0.851948
553	0.004705	-0.851893
526	0.137069	-0.851782
580	4.369181	-0.851045
403	3.979088	-0.850649
584	0.831015	-0.85057
394	1.816303	-0.850344
598	4.880492	-0.850333
584	3.177572	-0.849844
582	4.452553	-0.849061
565	1.999728	-0.848255
565	2.347147	-0.847757
430	3.306116	-0.847205
538	2.192694	-0.846318
528	3.43079	-0.845844
569	4.022241	-0.84329
557	5.919502	-0.8431
528	1.896463	-0.842512
409	2.780768	-0.841696
480	1.739341	-0.841603
590	0.132792	-0.841505
532	4.829763	-0.8398
592	5.803065	-0.839635
480	2.065174	-0.839555
459	5.127849	-0.839488
565	0.155711	-0.837768
600	0.280994	-0.836718
590	2.136804	-0.836663
594	2.22127	-0.836521
511	4.023597	-0.836493
444	4.007897	-0.835604
600	0.481422	-0.834557
548	0.86151	-0.833426
517	3.043713	-0.833352
530	4.105761	-0.833151
521	5.318597	-0.83271
480	0.641352	-0.832589
459	2.706478	-0.832507
596	2.899525	-0.83216
576	1.748927	-0.832078
555	3.03655	-0.831502
486	5.19338	-0.830033
490	4.307403	-0.829985
582	0.19965	-0.829941
559	2.329333	-0.829393
571	4.760709	-0.829258
573	4.552114	-0.828477
576	2.817332	-0.828332
498	3.888927	-0.827415
292	3.848145	-0.827079
469	0.511237	-0.82703
459	3.033485	-0.82681
571	4.255359	-0.826797
478	3.619658	-0.826762
492	2.644994	-0.826758
557	0.982905	-0.826577
231	2.13598	-0.826189
507	2.274248	-0.825841
576	1.466286	-0.825782
548	5.708359	-0.82557
292	5.399903	-0.825395
319	3.645734	-0.825336
548	2.351277	-0.824403
528	4.842987	-0.824153
584	4.036891	-0.824101
347	2.374327	-0.822011
513	1.440364	-0.821659
448	2.043509	-0.821656
590	5.275536	-0.821486
471	4.151814	-0.821367
448	3.94933	-0.821196
473	2.761766	-0.820368
571	2.153754	-0.820163
542	0.798186	-0.819869
569	2.240587	-0.819793
229	5.795502	-0.819618
553	2.577417	-0.819154
559	1.019077	-0.818448
52	5.94575	-0.818291
546	3.494862	-0.81821
511	1.90355	-0.816374
596	5.537945	-0.816254
586	3.893836	-0.816117
469	1.887411	-0.81611
509	0.390558	-0.816054
385	4.055293	-0.81564
317	0.288353	-0.815391
366	2.271662	-0.814175
565	2.146752	-0.814099
534	4.533691	-0.813945
526	1.788571	-0.813596
582	2.039964	-0.813473
505	1.511702	-0.813275
457	4.941262	-0.813237
536	3.649187	-0.813196
559	5.090663	-0.812955
430	2.581687	-0.812411
509	5.958913	-0.812407
565	2.314994	-0.812065
600	0.707473	-0.812002
592	1.175192	-0.811847
509	4.606188	-0.811673
567	6.189118	-0.811303
586	1.497628	-0.810774
528	0.274103	-0.809788
471	2.04744	-0.809366
304	0.49588	-0.808129
590	0.469627	-0.807341
498	3.823656	-0.807134
536	4.318406	-0.807097
423	5.451895	-0.806813
534	2.580164	-0.806238
540	4.538057	-0.805815
573	2.300843	-0.805564
598	4.354578	-0.805551
521	3.322166	-0.805396
517	3.8281	-0.805178
440	0.180321	-0.804335
415	3.74986	-0.803865
561	2.453934	-0.803681
432	2.295227	-0.803577
598	4.589423	-0.803496
415	4.830085	-0.802298
436	4.761388	-0.802052
306	5.858796	-0.801943
580	5.860508	-0.801601
542	1.446881	-0.80155
553	4.850959	-0.801363
565	2.297332	-0.801326
565	4.567745	-0.800067
563	4.928176	-0.799541
559	4.852158	-0.798616
367	0.041055	-0.798435
567	2.574155	-0.798189
476	3.202872	-0.798037
582	3.07935	-0.797442
438	3.672718	-0.79593
588	4.676371	-0.79588
482	2.085067	-0.795483
503	0.32801	-0.794685
515	6.186533	-0.793991
492	5.045587	-0.793533
521	4.452946	-0.793283
584	1.788797	-0.793257
548	2.277433	-0.792568
444	3.779424	-0.792017
540	2.311664	-0.790774
465	3.96558	-0.790281
578	3.977451	-0.790245
455	2.123511	-0.790042
368	6.066577	-0.789703
598	4.342073	-0.789661
513	3.779238	-0.789262
575	5.038151	-0.788774
509	2.271494	-0.788734
503	3.755552	-0.78866
540	1.890291	-0.788585
407	3.10296	-0.788427
505	4.217111	-0.788423
500	2.020013	-0.788393
586	6.213447	-0.78685
580	2.757415	-0.786585
476	5.585743	-0.785782
519	4.083584	-0.784669
571	1.181741	-0.784591
525	2.404512	-0.78309
534	5.643489	-0.782758
576	6.158607	-0.782667
451	3.65943	-0.78197
448	5.075497	-0.781902
573	0.173948	-0.781844
580	2.222928	-0.780599
446	0.531046	-0.780396
488	3.475524	-0.780238
399	4.02596	-0.77998
575	3.293034	-0.779682
482	4.106728	-0.77947
594	2.977471	-0.779218
241	1.891661	-0.779125
580	2.760068	-0.778739
494	4.497304	-0.777674
598	0.36957	-0.777171
488	5.383981	-0.776951
544	3.982959	-0.776677
565	6.094095	-0.776482
446	5.072967	-0.775954
592	5.827588	-0.775826
476	4.084954	-0.774868
478	2.937586	-0.774442
453	4.698385	-0.773918
503	1.131326	-0.772624
440	2.427682	-0.772584
588	5.945979	-0.772277
576	1.417759	-0.771884
525	4.781724	-0.771548
561	4.556263	-0.770781
596	3.381486	-0.770586
578	3.565276	-0.770445
584	2.136279	-0.770089
571	2.082646	-0.769862
526	4.33751	-0.768736
563	1.564802	-0.768551
530	5.447535	-0.767739
453	2.465855	-0.767539
559	4.286895	-0.766418
288	5.889431	-0.763568
532	2.944811	-0.763297
525	5.080471	-0.763095
586	4.925499	-0.76236
430	0.114325	-0.762358
557	2.771426	-0.762195
501	1.849886	-0.761136
490	3.89051	-0.760534
555	1.398951	-0.759813
444	6.051381	-0.759566
548	0.56355	-0.759506
526	4.851743	-0.759346
598	2.081151	-0.759222
375	5.887298	-0.759141
590	5.10251	-0.75824
148	2.391087	-0.758042
526	4.7422	-0.757905
534	2.147196	-0.757481
505	3.453085	-0.756924
268	0.385569	-0.756036
255	1.960139	-0.755762
351	4.503617	-0.754652
598	0.081635	-0.754604
580	2.419066	-0.754461
371	1.735561	-0.753912
536	2.522106	-0.753824
446	4.885118	-0.753736
563	3.464319	-0.752922
330	3.920588	-0.752828
548	6.125047	-0.752664
590	1.980243	-0.752478
496	2.685741	-0.752451
596	3.692165	-0.752091
421	0.872148	-0.751745
538	3.753164	-0.751522
469	4.423133	-0.751381
513	5.237912	-0.751247
598	5.507611	-0.750484
203	4.613424	-0.750454
448	2.258649	-0.750302
501	2.144279	-0.750269
582	3.27253	-0.749265
442	3.382991	-0.749021
584	4.255986	-0.748737
517	0.697248	-0.748601
580	6.064859	-0.748052
565	4.347513	-0.748029
370	1.567072	-0.747266
578	5.290086	-0.746652
588	2.732165	-0.745926
511	4.957973	-0.745441
594	3.459451	-0.745252
557	3.004515	-0.744812
586	4.272978	-0.744803
394	2.288129	-0.74437
563	2.911557	-0.744189
511	6.174431	-0.743774
381	4.093044	-0.742943
575	5.615726	-0.742605
563	0.499024	-0.741711
586	4.426371	-0.741397
384	3.619887	-0.741306
600	2.728332	-0.741199
530	3.15754	-0.74061
598	5.340216	-0.740418
563	2.081158	-0.740118
509	1.808357	-0.739421
473	4.424393	-0.739357
313	4.426964	-0.739333
559	1.850254	-0.738929
596	3.779624	-0.738599
446	4.858571	-0.738492
206	0.114672	-0.738361
356	1.10829	-0.738167
588	2.414276	-0.737812
588	3.452037	-0.737103
478	2.880466	-0.736982
463	2.451532	-0.736439
297	3.820123	-0.735792
513	5.416677	-0.735371
432	2.682302	-0.73517
567	0.676295	-0.735007
375	3.923333	-0.734857
446	3.657647	-0.734796
526	4.987775	-0.734697
534	0.522063	-0.733568
575	3.646584	-0.732952
513	1.094498	-0.732931
551	1.170062	-0.732338
383	5.215311	-0.730743
465	1.224191	-0.730658
542	3.729392	-0.730203
546	4.327093	-0.729855
571	4.424542	-0.72966
542	0.468093	-0.728853
476	4.186631	-0.728578
528	3.272341	-0.728431
594	5.753056	-0.72817
399	4.702779	-0.728087
565	2.664372	-0.728063
405	3.619397	-0.727586
457	2.715414	-0.726933
492	5.831338	-0.726533
548	1.516219	-0.725887
532	3.432121	-0.725856
505	3.52092	-0.724271
519	0.369485	-0.72418
523	3.997097	-0.724158
509	0.29582	-0.724085
551	6.038816	-0.723948
457	5.94939	-0.722806
573	3.590656	-0.722584
505	5.525819	-0.722323
590	3.249569	-0.722289
569	0.790042	-0.721722
469	5.827719	-0.721638
569	3.331429	-0.721202
442	2.356591	-0.720016
567	4.413774	-0.719606
501	3.424355	-0.719013
532	1.801113	-0.718831
498	3.69158	-0.718717
498	5.637839	-0.718715
576	0.587011	-0.718495
343	4.080324	-0.718495
578	4.380059	-0.71761
519	2.889529	-0.717577
544	6.086729	-0.717419
490	3.950201	-0.716761
561	1.238039	-0.716718
544	3.297627	-0.715969
488	2.023259	-0.714422
573	1.706052	-0.714124
580	3.800208	-0.712881
553	2.600932	-0.712524
569	6.10064	-0.712514
584	6.037568	-0.712393
526	5.588368	-0.712262
561	5.348566	-0.712024
490	4.675491	-0.711612
596	5.331115	-0.711321
561	4.048577	-0.709646
578	4.188635	-0.709532
509	2.042658	-0.709519
523	2.497223	-0.709466
385	4.020246	-0.709433
453	5.078409	-0.708877
451	6.06573	-0.708455
578	3.026491	-0.708372
349	2.060437	-0.708183
588	5.564281	-0.706965
488	3.082862	-0.706886
576	1.886106	-0.706838
432	5.010618	-0.706801
548	3.798015	-0.706444
377	2.490161	-0.706281
480	3.022922	-0.70575
528	2.258727	-0.705738
513	4.920709	-0.70522
521	4.541217	-0.70491
575	1.106518	-0.704379
573	1.022704	-0.704365
446	1.615187	-0.704309
411	2.15569	-0.704201
557	2.678064	-0.704173
592	2.311047	-0.703722
590	4.699003	-0.703467
328	0.77784	-0.703452
430	0.947254	-0.702924
596	5.551146	-0.702823
571	2.27033	-0.702738
575	3.670938	-0.702007
457	3.374749	-0.701254
600	5.949408	-0.700379
307	4.658218	-0.700348
501	4.669567	-0.699712
469	4.075472	-0.699288
517	3.577096	-0.699032
290	2.110036	-0.698189
517	3.315587	-0.697911
486	1.548434	-0.697399
463	0.124096	-0.696648
578	3.920926	-0.696509
598	2.511746	-0.696448
586	5.200398	-0.695939
584	0.289992	-0.695626
386	0.701034	-0.695607
488	5.470163	-0.69481
519	4.513697	-0.694061
476	3.517392	-0.693856
507	3.576534	-0.693727
588	4.915971	-0.693435
592	1.315872	-0.693212
594	4.034989	-0.693071
559	4.853566	-0.692964
594	3.123756	-0.692718
521	4.908533	-0.692655
490	1.411098	-0.69252
542	1.871217	-0.692124
555	1.286804	-0.691651
378	2.143959	-0.691474
586	3.824028	-0.691104
382	2.771642	-0.690496
600	5.423103	-0.690432
399	5.786269	-0.690156
503	3.765713	-0.689611
586	4.431523	-0.689495
540	5.554726	-0.688089
359	3.538851	-0.687788
503	2.430163	-0.687683
526	4.392993	-0.687256
565	3.043607	-0.686942
578	1.247583	-0.686903
380	5.017952	-0.686624
542	2.0921	-0.685858
405	2.40717	-0.685196
573	1.913576	-0.68435
538	4.2936	-0.684048
482	5.982272	-0.683416
505	5.884608	-0.682973
555	4.441152	-0.682699
304	4.635978	-0.681201
523	1.00679	-0.680364
526	0.267488	-0.679225
571	3.801242	-0.678407
590	5.573277	-0.67831
509	2.062302	-0.678284
548	3.832405	-0.677086
584	3.97116	-0.677058
600	2.000771	-0.676867
503	4.037541	-0.676043
538	4.858057	-0.67587
511	2.324783	-0.675866
442	4.809737	-0.674688
403	4.610059	-0.674304
548	5.51073	-0.674242
548	4.203641	-0.673741
584	0.494733	-0.673605
600	4.518663	-0.673567
469	2.424319	-0.673173
586	5.691911	-0.672862
563	5.508486	-0.672484
513	1.45236	-0.672186
563	2.039492	-0.672147
565	0.192851	-0.670591
590	3.543412	-0.670186
403	4.189326	-0.670147
526	5.756527	-0.670122
584	0.707337	-0.669923
569	5.219305	-0.668923
553	4.903432	-0.668864
546	2.004756	-0.668603
548	3.870635	-0.668294
534	2.195982	-0.668219
596	4.988566	-0.667644
584	1.73238	-0.665795
588	4.61399	-0.664385
550	3.932303	-0.664242
377	4.415119	-0.664052
421	4.41715	-0.663528
567	1.997317	-0.663411
563	2.720491	-0.663396
277	2.030057	-0.662678
425	5.251507	-0.662187
582	1.777427	-0.661999
598	4.134214	-0.66176
505	5.458577	-0.66171
459	5.015514	-0.661554
455	3.754891	-0.661223
528	5.612886	-0.660248
492	6.165244	-0.660057
484	3.456006	-0.65979
565	3.8958	-0.65979
461	3.848278	-0.659619
565	2.035744	-0.659253
511	2.991286	-0.658819
530	1.645062	-0.658647
573	5.237146	-0.658019
507	1.71197	-0.657928
540	1.538304	-0.656788
482	0.997429	-0.65661
548	2.244879	-0.656444
576	2.421439	-0.656285
557	2.445623	-0.655922
559	0.624435	-0.655828
600	4.295822	-0.65565
501	4.11304	-0.653189
476	2.424923	-0.652986
565	1.359604	-0.652676
355	5.73309	-0.652139
551	4.050131	-0.65203
430	0.972303	-0.651242
334	4.584823	-0.650934
588	5.743791	-0.650196
559	1.60364	-0.650188
563	4.550561	-0.64962
548	3.069395	-0.64909
555	2.572047	-0.649033
548	4.312016	-0.64891
523	1.230707	-0.648301
440	2.865467	-0.648171
475	1.551157	-0.64788
498	4.968624	-0.647641
228	4.597237	-0.647582
201	1.907396	-0.647474
598	4.012204	-0.647461
430	5.002193	-0.646866
525	2.103568	-0.646646
286	4.668136	-0.646528
476	4.637565	-0.644821
526	1.708601	-0.644728
526	0.405509	-0.643417
546	4.707683	-0.643308
513	4.028028	-0.643302
586	2.69929	-0.642361
484	4.217556	-0.64232
569	4.576843	-0.641901
196	4.789311	-0.641605
598	4.220511	-0.641504
575	1.913917	-0.641297
519	1.912475	-0.641127
469	2.227454	-0.640912
323	3.493284	-0.640747
515	1.675673	-0.640656
594	4.812244	-0.640003
476	2.175364	-0.639831
385	3.8774	-0.639392
565	1.906004	-0.638664
575	0.429606	-0.637531
596	2.684965	-0.637356
582	2.187558	-0.636773
488	5.307519	-0.636231
576	5.555889	-0.635711
596	6.00065	-0.635101
596	3.469534	-0.6348
185	3.694381	-0.634752
521	2.06411	-0.63467
588	1.980298	-0.63422
511	2.155372	-0.63408
528	3.954187	-0.632936
291	4.022149	-0.632878
565	3.608207	-0.632718
530	4.814843	-0.632473
496	1.718388	-0.632376
563	5.566638	-0.631997
401	1.001186	-0.63181
536	4.177253	-0.631552
438	2.98107	-0.631197
513	5.284827	-0.630009
567	2.51971	-0.629989
573	2.050056	-0.62995
594	1.000762	-0.629931
557	2.171929	-0.629491
492	2.991025	-0.629419
582	4.740287	-0.628662
590	4.823053	-0.628179
588	3.092087	-0.62809
559	1.372182	-0.62792
403	2.483803	-0.627471
563	4.453281	-0.627165
540	2.164123	-0.626631
565	4.733498	-0.626599
528	2.153267	-0.626566
546	2.613071	-0.626417
582	0.742837	-0.625593
590	2.901189	-0.624911
426	2.146274	-0.624358
283	1.531348	-0.624296
548	2.493852	-0.623334
592	5.78012	-0.62302
534	0.905634	-0.622758
511	0.744704	-0.622657
596	1.515432	-0.622633
561	3.637037	-0.622438
573	1.181033	-0.622275
550	4.905783	-0.622069
596	6.143609	-0.620368
557	2.156449	-0.61942
419	1.328218	-0.619294
359	1.445185	-0.619076
521	2.174196	-0.618756
588	3.244528	-0.618067
592	1.818468	-0.616822
573	3.001867	-0.616606
473	2.669905	-0.616535
590	3.638451	-0.616349
384	2.269373	-0.616246
571	4.640099	-0.616061
496	1.560051	-0.615811
496	5.234837	-0.615687
573	1.707012	-0.615385
343	4.347504	-0.615323
538	3.86148	-0.614213
356	3.855686	-0.613888
419	1.643019	-0.613323
551	1.453519	-0.613297
538	0.051187	-0.613194
586	1.682061	-0.611982
553	4.53322	-0.610686
507	1.995647	-0.610316
598	4.268359	-0.609377
567	0.06532	-0.609193
578	3.693526	-0.609097
528	4.683552	-0.609036
461	1.385283	-0.609021
540	2.07112	-0.608191
536	6.03664	-0.606496
523	3.055259	-0.606409
569	1.019484	-0.606193
534	4.113234	-0.60581
513	2.06064	-0.605735
482	4.325722	-0.605704
567	5.235355	-0.605589
582	1.493362	-0.605071
569	0.668101	-0.604756
582	0.684942	-0.603487
586	5.795898	-0.603113
230	3.61914	-0.601276
553	4.678925	-0.600689
448	4.100503	-0.600602
229	4.817864	-0.60012
455	1.792773	-0.599825
199	4.407706	-0.598518
582	0.781135	-0.596712
534	2.031506	-0.596506
596	5.966059	-0.596232
498	3.199259	-0.595602
511	4.471632	-0.59556
567	4.68106	-0.595418
569	1.825695	-0.595363
322	1.481999	-0.594705
448	5.79638	-0.594175
334	1.152074	-0.593709
569	5.802909	-0.593672
542	3.362755	-0.593399
461	4.175242	-0.592809
471	1.576345	-0.591873
482	3.110654	-0.591807
578	3.908425	-0.590895
555	0.645894	-0.590113
546	1.540753	-0.589946
411	1.125273	-0.589891
471	5.45401	-0.589566
590	2.876429	-0.588828
594	6.107427	-0.588316
573	5.237454	-0.588223
448	4.149342	-0.586904
546	3.03941	-0.585901
584	2.119476	-0.585898
542	0.035164	-0.585196
515	4.432971	-0.584805
590	4.63378	-0.584748
373	1.667289	-0.583572
517	5.411962	-0.583498
578	1.497676	-0.583375
551	2.603121	-0.583265
542	3.345667	-0.581466
526	3.903567	-0.581204
471	2.048976	-0.581002
461	4.438312	-0.580487
515	3.504379	-0.579276
428	2.284604	-0.579212
584	4.370996	-0.578499
553	1.46284	-0.577359
438	2.1877	-0.576908
503	4.638711	-0.576854
580	5.214547	-0.576766
442	3.602768	-0.576715
486	5.693903	-0.576404
586	4.86058	-0.576247
567	4.251503	-0.576151
367	0.121862	-0.576082
490	3.629528	-0.575857
573	4.848006	-0.575767
494	5.796163	-0.575757
494	5.988776	-0.573785
488	1.707799	-0.573673
584	3.03033	-0.573055
509	2.311943	-0.572127
399	2.113029	-0.570284
563	4.525037	-0.570072
555	4.640777	-0.570071
594	4.230405	-0.569831
553	3.911783	-0.569619
530	1.482793	-0.569486
507	1.693711	-0.56863
598	2.418841	-0.568225
505	5.803833	-0.568076
425	0.379472	-0.567982
399	6.003703	-0.567923
411	6.10352	-0.567787
596	2.323191	-0.567399
442	1.788269	-0.56738
594	1.523332	-0.567306
471	3.061899	-0.567214
536	2.107799	-0.566607
534	2.933229	-0.566078
426	0.737791	-0.565598
471	5.897055	-0.564551
488	5.525764	-0.564467
494	1.735701	-0.564445
501	0.445688	-0.56421
501	4.499823	-0.564183
584	1.509704	-0.563853
453	5.503421	-0.563004
482	4.629381	-0.562246
565	4.023625	-0.561813
528	2.518428	-0.561626
515	5.576054	-0.561516
505	2.227375	-0.561285
561	4.458783	-0.561007
509	6.198699	-0.559779
461	5.254864	-0.559489
571	5.457581	-0.559455
569	4.946624	-0.558365
542	2.894054	-0.557822
559	0.969742	-0.55743
584	5.072045	-0.557401
523	3.635561	-0.557244
598	1.933002	-0.557177
596	5.17499	-0.556909
586	0.41385	-0.556625
573	4.194575	-0.556571
588	0.936193	-0.556319
341	3.023804	-0.556018
551	5.063361	-0.555321
505	1.940495	-0.555133
563	1.319383	-0.554519
596	1.79069	-0.553367
532	4.665157	-0.553326
525	5.919309	-0.552573
561	6.003316	-0.552105
498	5.416598	-0.551493
594	0.272444	-0.550688
505	3.990793	-0.550113
490	3.477068	-0.549885
521	0.070455	-0.548845
534	5.773894	-0.54882
573	1.554865	-0.547728
578	4.102656	-0.544781
580	4.008535	-0.544704
588	0.64835	-0.54284
428	3.023356	-0.542575
571	4.169193	-0.542512
588	1.764854	-0.542284
369	2.736471	-0.542236
594	4.99347	-0.541874
561	4.96703	-0.541686
580	0.973752	-0.541387
453	1.966594	-0.540395
503	0.364408	-0.540101
590	2.073587	-0.539623
532	4.274048	-0.539404
548	5.706077	-0.539277
540	5.115888	-0.538772
590	3.10535	-0.538156
519	1.235497	-0.536959
526	4.821585	-0.536801
532	4.75644	-0.536311
576	0.579919	-0.536232
582	3.809882	-0.53608
598	1.899581	-0.535578
542	5.93575	-0.535086
365	1.20232	-0.533413
546	1.744071	-0.531801
277	4.737735	-0.530991
550	3.312016	-0.53097
596	2.399569	-0.529976
594	5.11841	-0.529927
544	3.24543	-0.529451
511	2.084223	-0.529439
421	2.078595	-0.528567
557	0.400205	-0.528532
411	4.708405	-0.528016
582	0.379964	-0.527715
594	0.690757	-0.526983
536	0.994549	-0.526518
409	4.004793	-0.526194
519	6.061059	-0.525937
542	5.524049	-0.525779
364	1.659429	-0.524705
555	0.681355	-0.524382
561	5.305117	-0.523691
521	0.529041	-0.523627
596	2.114669	-0.523
551	5.778776	-0.522142
592	0.419492	-0.521986
305	4.985585	-0.521508
448	4.569946	-0.521272
569	0.101965	-0.520929
598	5.037925	-0.520653
226	4.803992	-0.520598
576	4.778207	-0.52051
594	4.833793	-0.520389
596	0.84488	-0.52018
592	1.640402	-0.519905
428	4.095662	-0.51972
430	1.193418	-0.519511
582	5.541854	-0.518728
559	0.010176	-0.518719
551	4.296407	-0.51841
596	4.869443	-0.518346
575	2.414485	-0.517741
505	2.746642	-0.517733
548	4.91654	-0.517168
161	6.011118	-0.516998
486	4.734297	-0.516269
469	2.267661	-0.515933
600	3.572262	-0.515932
519	0.146977	-0.515889
580	5.98364	-0.515507
551	3.788132	-0.514721
473	6.28085	-0.514614
567	2.312726	-0.514227
578	6.019623	-0.514215
582	1.535861	-0.513989
478	4.236941	-0.513405
565	4.941978	-0.512771
500	5.944455	-0.512446
486	0.255716	-0.512385
553	5.083572	-0.51154
294	1.937729	-0.511436
526	0.543192	-0.511327
450	4.175198	-0.509881
586	2.728806	-0.50953
559	4.200384	-0.508513
571	4.574768	-0.507168
576	2.697088	-0.506007
393	0.838051	-0.50595
501	0.093897	-0.505818
213	1.826599	-0.505658
421	2.023744	-0.505357
596	4.364099	-0.505102
594	0.781509	-0.504524
507	6.027155	-0.503597
455	2.457449	-0.503248
544	6.057827	-0.503065
540	1.473687	-0.500733
555	5.347022	-0.500268
492	2.304899	-0.499841
513	5.006976	-0.499807
528	4.268635	-0.499404
573	3.640231	-0.498632
559	2.744994	-0.497059
526	3.122696	-0.497019
436	4.747657	-0.496668
594	5.763241	-0.496612
534	6.096197	-0.496337
379	2.022573	-0.495862
600	6.104528	-0.495462
521	1.986974	-0.49514
553	5.933022	-0.494531
501	3.333619	-0.494345
330	5.357812	-0.493249
588	0.41186	-0.492823
534	0.671271	-0.492751
348	4.345358	-0.492462
578	5.843928	-0.492335
596	4.093946	-0.492301
455	4.552515	-0.491184
311	4.088541	-0.491049
507	6.23486	-0.490961
575	0.792484	-0.490269
544	6.063902	-0.490238
586	2.917903	-0.490106
469	4.078059	-0.489513
509	4.61727	-0.489507
557	0.040796	-0.488481
386	3.884629	-0.487996
586	0.74134	-0.487679
263	1.840098	-0.487555
517	4.242474	-0.487407
551	5.47209	-0.487386
567	3.321489	-0.487091
356	1.904955	-0.48662
475	1.935063	-0.485802
419	4.658112	-0.485739
530	1.150493	-0.485728
500	0.050501	-0.485198
517	0.244021	-0.484783
486	2.549064	-0.484671
434	3.765978	-0.484396
569	3.252015	-0.484312
363	2.314891	-0.483633
310	5.247584	-0.483629
530	2.336667	-0.483137
300	5.004474	-0.482928
596	3.921123	-0.482711
582	1.071726	-0.482619
484	5.555766	-0.482043
546	3.352951	-0.481661
530	1.877636	-0.479818
503	3.675576	-0.478742
394	2.780442	-0.478442
578	0.900484	-0.476783
513	2.903069	-0.476363
473	3.7209	-0.475797
575	1.475306	-0.474918
594	1.365207	-0.474247
403	5.222665	-0.474203
553	1.616951	-0.473931
553	3.748617	-0.473704
567	3.306108	-0.473661
469	5.93698	-0.472
396	4.791164	-0.471983
523	1.897404	-0.471903
557	5.302635	-0.471806
559	1.983484	-0.471456
372	4.9116	-0.471078
553	6.114145	-0.471008
536	5.104522	-0.470986
567	1.802063	-0.470496
563	1.376219	-0.470252
336	5.462103	-0.469828
596	1.954909	-0.468429
588	6.03725	-0.467979
440	2.00201	-0.4678
461	1.897223	-0.467273
368	3.092514	-0.466872
511	3.021117	-0.466819
297	3.692991	-0.465688
596	2.361388	-0.465369
565	6.270689	-0.464667
596	3.72288	-0.464472
378	4.517626	-0.464163
511	2.486697	-0.464077
513	1.914864	-0.464012
594	4.521404	-0.463264
580	4.325717	-0.463167
559	3.966083	-0.462465
571	3.563995	-0.462441
573	3.644783	-0.461338
-79	4.317104	-0.461324
594	3.525701	-0.460805
187	1.86921	-0.460649
517	1.894786	-0.459937
548	2.019357	-0.459917
550	3.97198	-0.459591
430	4.224248	-0.459488
465	5.217824	-0.459016
269	4.953528	-0.458962
578	5.483771	-0.458955
551	0.059951	-0.458757
451	1.585017	-0.458756
480	1.318434	-0.458581
578	2.259633	-0.458235
551	0.394364	-0.457414
469	5.231421	-0.457201
551	3.987599	-0.457163
540	1.331991	-0.456444
352	4.183781	-0.455775
505	3.873525	-0.455312
521	0.059796	-0.454172
590	5.416648	-0.453782
382	2.449977	-0.453182
492	2.04241	-0.452689
455	2.59272	-0.452609
592	2.507497	-0.45223
530	5.031905	-0.452138
584	5.832124	-0.452009
473	1.924541	-0.451895
457	4.203382	-0.451432
389	2.39131	-0.451314
573	1.062752	-0.451131
594	3.748171	-0.450577
517	4.149427	-0.449444
565	1.465181	-0.44922
511	3.118504	-0.448795
592	2.114222	-0.448544
598	6.023173	-0.447272
320	4.281242	-0.446678
484	1.67522	-0.446413
580	0.118878	-0.445882
571	3.598703	-0.445074
517	3.865919	-0.44406
258	4.834437	-0.443683
523	1.999714	-0.442699
513	4.160918	-0.442042
542	2.517661	-0.441515
215	3.944755	-0.441252
588	0.783657	-0.441122
428	5.437121	-0.441053
488	5.041995	-0.440809
598	1.875028	-0.440261
569	5.819537	-0.43949
526	6.021805	-0.439194
513	1.39417	-0.438497
536	4.320597	-0.438344
582	0.169361	-0.438212
486	4.450423	-0.437941
548	0.460961	-0.437247
480	1.09076	-0.437064
590	3.665211	-0.43651
370	5.52889	-0.436432
391	4.546626	-0.436323
598	3.330167	-0.436166
592	4.451278	-0.436139
576	3.658733	-0.435847
565	1.862591	-0.435645
498	1.914224	-0.435535
596	4.975992	-0.435326
421	4.806301	-0.434852
528	2.046521	-0.434801
513	1.147966	-0.43445
513	5.13435	-0.4343
306	2.047683	-0.433885
523	4.984929	-0.433651
534	3.243521	-0.433551
511	3.77345	-0.432951
492	1.403994	-0.432371
555	0.162875	-0.43227
532	5.862182	-0.43219
426	3.178298	-0.431599
571	4.205859	-0.431555
588	3.505204	-0.43032
482	3.902277	-0.430087
565	1.821977	-0.429894
521	1.019757	-0.429565
590	0.741116	-0.428653
548	1.914072	-0.428633
588	4.16217	-0.428185
534	5.084469	-0.427754
540	1.222229	-0.427299
563	1.062392	-0.426907
588	3.719336	-0.425224
300	2.127317	-0.424191
473	4.529179	-0.42388
596	2.636977	-0.423864
544	4.724831	-0.423808
521	3.880349	-0.42328
588	4.560127	-0.423133
403	1.595927	-0.422291
325	1.806991	-0.42209
444	4.565652	-0.421933
417	4.278834	-0.421834
576	6.200789	-0.42168
575	0.214814	-0.421262
459	0.870839	-0.421023
463	2.203755	-0.419686
405	4.860268	-0.419442
519	1.046869	-0.419163
505	0.229843	-0.418982
590	0.288543	-0.418747
575	5.914953	-0.418724
594	4.162312	-0.418498
526	4.587668	-0.418226
486	5.08543	-0.418224
592	5.211106	-0.417828
536	4.699842	-0.417818
500	2.540524	-0.417418
584	0.536091	-0.416899
544	4.067716	-0.41679
567	0.993355	-0.416695
575	0.774031	-0.416472
546	5.12501	-0.416415
354	1.845792	-0.41597
586	1.103053	-0.415759
455	4.102754	-0.415704
521	0.62195	-0.415673
523	4.711489	-0.415664
540	2.679737	-0.415635
557	0.132549	-0.415174
436	2.766412	-0.414432
432	6.050535	-0.414396
473	4.763537	-0.41366
598	0.413903	-0.41363
461	3.273764	-0.41358
528	1.510728	-0.412672
578	2.707657	-0.412626
536	0.878775	-0.412512
446	0.795842	-0.412322
536	0.777084	-0.412005
590	3.189873	-0.411937
530	2.536328	-0.411752
498	1.982341	-0.409705
573	1.768845	-0.409495
455	4.300328	-0.409248
571	5.149243	-0.408913
498	1.709795	-0.408727
254	3.291635	-0.408348
546	2.486358	-0.407453
392	1.905088	-0.406934
480	2.090449	-0.406844
222	3.533043	-0.406335
501	5.681096	-0.406006
438	0.98982	-0.405758
290	3.48595	-0.404418
559	3.866396	-0.404093
561	4.091931	-0.403897
590	5.833749	-0.403868
469	3.442901	-0.403484
590	1.599306	-0.403357
509	1.96287	-0.40185
559	3.65412	-0.401821
471	2.578995	-0.401727
503	1.723757	-0.400813
586	1.814192	-0.400404
582	2.183641	-0.400075
417	2.080691	-0.399334
569	1.554376	-0.398639
494	2.930662	-0.398382
542	1.320992	-0.39785
586	1.61355	-0.39749
436	4.94875	-0.396973
584	5.242085	-0.396841
521	4.981297	-0.39611
534	1.891063	-0.39574
461	4.952889	-0.39569
469	5.598178	-0.395647
494	2.778794	-0.395583
503	2.265155	-0.395541
576	2.558185	-0.395367
565	3.687426	-0.39483
289	4.190246	-0.394822
260	3.185774	-0.39479
567	3.800018	-0.39375
532	0.656884	-0.39349
438	0.509066	-0.393166
532	0.201562	-0.393085
469	0.865547	-0.392895
534	2.650877	-0.392518
586	6.045055	-0.392469
557	4.658983	-0.392312
467	6.064647	-0.39196
353	1.503009	-0.391721
596	1.609908	-0.39144
364	5.614144	-0.391153
586	5.06423	-0.390999
503	3.998479	-0.390944
448	4.914601	-0.390818
540	5.364803	-0.390806
565	0.757422	-0.390538
261	1.332824	-0.390445
440	2.475336	-0.389969
515	2.013206	-0.38985
451	1.981182	-0.389143
578	3.231313	-0.387741
584	3.229648	-0.387039
590	1.656477	-0.385773
578	1.853467	-0.384526
590	3.955141	-0.384525
542	0.195219	-0.384083
582	4.405139	-0.381395
586	4.279206	-0.381191
592	3.144683	-0.381129
463	1.601159	-0.380696
563	5.314627	-0.380655
438	5.623109	-0.380608
521	5.089026	-0.380075
244	0.870553	-0.379748
590	2.934684	-0.379598
357	4.994619	-0.379459
475	4.774634	-0.378965
501	4.640094	-0.378441
482	0.932824	-0.377564
559	0.39096	-0.377503
486	5.853804	-0.376956
486	4.329013	-0.37466
569	4.558366	-0.374224
526	3.915882	-0.373683
592	1.429458	-0.37308
534	4.948015	-0.372798
507	3.871261	-0.372189
509	1.243848	-0.371465
580	0.431365	-0.371328
590	2.84324	-0.370895
521	1.398219	-0.370705
526	5.616676	-0.369941
580	5.535139	-0.369896
509	5.754044	-0.369711
546	2.058255	-0.369548
333	6.062602	-0.36953
598	5.740565	-0.368967
486	2.501092	-0.36854
457	4.542224	-0.368479
324	4.964282	-0.36838
318	0.523614	-0.367877
521	5.821978	-0.367818
407	4.772444	-0.367545
580	4.882096	-0.367411
309	5.016792	-0.36693
555	4.093979	-0.3668
463	0.746299	-0.366589
567	0.58039	-0.366524
517	6.166584	-0.365028
486	0.997435	-0.364824
356	1.532917	-0.364378
578	6.033334	-0.364255
421	4.221102	-0.364227
521	5.603205	-0.363928
555	3.207013	-0.363801
588	1.853974	-0.363543
453	0.522593	-0.363458
274	1.432241	-0.362317
476	2.483652	-0.362139
573	4.778778	-0.361776
484	1.126904	-0.361552
534	5.910956	-0.361419
444	4.218493	-0.360744
538	4.962588	-0.360519
563	4.814195	-0.360475
484	5.565991	-0.360438
380	6.135037	-0.360267
590	1.1373	-0.360229
567	3.41983	-0.359249
573	2.126244	-0.358741
423	4.823001	-0.358519
494	1.930266	-0.357906
569	2.085239	-0.356546
582	4.421881	-0.356317
596	4.365829	-0.356198
586	1.067626	-0.35573
596	1.097797	-0.355239
567	4.712393	-0.354991
471	4.92911	-0.354733
548	1.636857	-0.353818
546	1.804445	-0.352981
596	4.272255	-0.352871
555	4.159706	-0.351981
578	6.001796	-0.351498
534	2.851392	-0.351476
484	1.813497	-0.351449
368	6.12162	-0.350816
596	3.37941	-0.350777
588	5.649855	-0.350539
551	2.187569	-0.350445
330	0.094993	-0.350078
542	1.31522	-0.349973
557	0.639602	-0.349815
430	4.293961	-0.349715
594	0.670516	-0.349095
501	3.473101	-0.348066
513	3.465277	-0.347868
573	4.371588	-0.347751
586	1.19996	-0.347697
550	2.984004	-0.347467
521	5.517009	-0.346534
298	4.212518	-0.345662
578	5.01696	-0.345635
509	3.980319	-0.345429
461	5.176489	-0.344892
555	2.408465	-0.344664
548	2.263132	-0.344474
548	4.8199	-0.344397
586	1.422425	-0.343744
398	4.11002	-0.343455
315	1.223655	-0.343328
588	4.069287	-0.343312
569	2.008114	-0.343149
592	3.145313	-0.343114
505	5.967077	-0.342308
536	4.913187	-0.342196
596	2.231912	-0.341692
582	2.051175	-0.340752
523	5.65958	-0.339748
426	4.241121	-0.339627
565	1.172208	-0.339618
542	1.978008	-0.33881
521	4.096762	-0.336878
423	4.899656	-0.336572
544	4.971557	-0.336484
496	4.866828	-0.336299
373	1.730856	-0.336074
563	4.987559	-0.335899
573	3.704487	-0.335894
498	2.133784	-0.335888
575	1.702554	-0.335362
567	5.995614	-0.334671
430	1.604367	-0.334512
482	5.320606	-0.333687
569	5.201955	-0.332396
592	1.803425	-0.332186
544	1.929572	-0.331902
411	2.595613	-0.331775
559	2.667378	-0.330861
471	5.051134	-0.330791
350	0.06388	-0.330439
578	6.245465	-0.330026
582	4.458682	-0.329615
459	5.683912	-0.329279
532	4.805691	-0.329172
423	5.949775	-0.32865
523	2.981757	-0.327772
538	4.84415	-0.326878
521	0.115028	-0.326265
594	6.126672	-0.326172
555	6.222174	-0.326003
548	1.729533	-0.325681
600	3.739644	-0.324381
592	5.366413	-0.32435
459	0.720383	-0.324154
592	0.866924	-0.323926
559	4.749225	-0.323798
580	1.637533	-0.322487
453	4.306705	-0.322122
563	4.849566	-0.321187
501	2.093817	-0.321126
455	3.075108	-0.32028
469	3.483754	-0.319542
559	5.069516	-0.319538
384	2.878833	-0.319381
580	6.214249	-0.318992
507	2.335316	-0.318431
411	1.736125	-0.318302
528	5.135874	-0.318191
565	5.355195	-0.317854
592	4.018161	-0.316925
415	5.410736	-0.316578
465	3.621002	-0.3165
521	6.106043	-0.315476
532	0.208218	-0.315231
565	5.451287	-0.314781
465	6.202793	-0.314628
184	0.190183	-0.313927
598	5.576129	-0.313899
265	1.66984	-0.313391
461	0.053084	-0.313083
546	5.47509	-0.312814
586	1.95099	-0.311802
434	3.610312	-0.311713
426	5.068755	-0.311493
284	1.451809	-0.311058
478	6.203612	-0.310955
498	5.361914	-0.310908
501	0.561829	-0.310304
569	0.57403	-0.309674
463	4.370188	-0.309659
513	3.503832	-0.309538
440	2.988367	-0.308645
553	0.619954	-0.308261
573	4.486577	-0.307334
544	2.190001	-0.306939
517	0.037343	-0.306795
314	3.210568	-0.306166
576	1.493309	-0.305965
576	2.598751	-0.304898
582	0.943742	-0.304857
548	1.695687	-0.30484
586	5.915855	-0.304739
498	4.787411	-0.303231
582	3.678587	-0.303112
582	5.563718	-0.302729
507	0.016317	-0.30257
407	2.268462	-0.301988
588	2.822497	-0.301888
457	5.523733	-0.300767
484	2.049391	-0.300687
538	4.718434	-0.299444
521	4.746454	-0.299401
567	3.124211	-0.299338
494	2.649227	-0.299178
528	1.79055	-0.298182
565	6.044138	-0.298086
550	5.179922	-0.298068
486	1.81574	-0.297653
551	1.254908	-0.29557
484	2.786348	-0.294554
582	5.716898	-0.293997
325	2.731842	-0.293846
417	5.594855	-0.293819
571	1.137467	-0.293746
480	1.64801	-0.293493
578	4.921766	-0.292812
557	5.875513	-0.292201
557	1.287677	-0.292181
395	4.161844	-0.291989
488	4.050284	-0.291757
-87	1.767801	-0.291737
532	2.341225	-0.291626
397	5.672707	-0.290811
505	3.053626	-0.290078
415	4.324661	-0.289944
555	4.060828	-0.289892
596	1.065279	-0.289526
590	2.583052	-0.288583
561	4.190246	-0.288542
548	0.018891	-0.288484
349	3.271911	-0.288242
526	1.592552	-0.28771
561	1.288536	-0.286546
596	1.087734	-0.286001
569	4.954638	-0.285821
569	1.304759	-0.285806
494	2.87768	-0.285425
501	2.776287	-0.285263
584	1.259003	-0.285005
523	4.530531	-0.284699
391	3.712497	-0.284525
496	5.151876	-0.284363
525	5.998525	-0.283994
434	3.955908	-0.283735
488	1.266206	-0.283045
384	1.365419	-0.282839
563	1.940236	-0.282765
517	3.456004	-0.282705
451	3.281547	-0.282671
275	2.834519	-0.282643
546	3.597547	-0.282378
600	2.35065	-0.28158
313	5.703028	-0.28146
557	5.412889	-0.281423
530	5.159709	-0.281417
315	3.887197	-0.279978
536	4.176081	-0.279851
594	0.834613	-0.279688
521	2.040964	-0.279505
532	3.88636	-0.279203
569	2.040473	-0.27909
451	3.523185	-0.278791
486	5.068991	-0.278467
523	4.872925	-0.2783
463	2.276441	-0.27826
540	0.100672	-0.278254
339	0.454172	-0.278202
546	5.057792	-0.277653
598	3.099386	-0.276876
586	6.237485	-0.276829
598	6.275998	-0.27659
540	2.441509	-0.276365
476	4.800295	-0.276315
372	5.998045	-0.276124
478	2.152571	-0.275557
289	4.495871	-0.274456
575	4.119299	-0.27354
544	0.487678	-0.273102
465	1.848994	-0.272851
542	4.951144	-0.272325
588	1.903469	-0.272021
551	2.488736	-0.271869
546	5.057102	-0.271145
546	5.227044	-0.270373
563	5.164243	-0.269993
496	0.049154	-0.269955
596	3.865743	-0.269819
480	6.206669	-0.269615
511	0.418803	-0.268785
383	4.614595	-0.268753
517	3.546779	-0.268137
571	0.536584	-0.267139
440	2.008818	-0.266406
548	6.173326	-0.266087
488	0.66361	-0.266063
567	4.804185	-0.265825
523	4.521558	-0.265705
415	5.566498	-0.264793
596	1.784436	-0.264326
557	4.027477	-0.26414
511	3.358816	-0.263177
565	5.021572	-0.263158
551	1.67451	-0.263045
553	6.120223	-0.262488
505	1.652884	-0.262231
584	5.407348	-0.26101
513	1.597655	-0.26067
594	1.02528	-0.260157
526	4.271725	-0.259581
344	4.855167	-0.259456
584	2.060863	-0.259124
397	2.58081	-0.259121
396	1.51388	-0.258692
500	1.307279	-0.258416
573	1.771458	-0.258237
370	4.082	-0.258127
298	5.327664	-0.257984
327	2.96419	-0.257945
573	2.031051	-0.256384
448	0.373587	-0.254797
532	1.612577	-0.25455
569	4.517516	-0.25454
557	2.430931	-0.254364
513	4.839787	-0.254221
526	2.033081	-0.254187
555	4.318738	-0.253961
501	6.207793	-0.253853
378	1.980075	-0.25349
544	1.52546	-0.252787
578	1.775226	-0.251782
505	6.241972	-0.251353
548	1.924103	-0.250638
523	1.218796	-0.25061
565	2.532064	-0.250145
359	1.213794	-0.249643
557	5.138141	-0.249607
542	4.180891	-0.249221
546	6.250464	-0.24873
526	6.194977	-0.248221
584	3.98945	-0.248001
528	3.694401	-0.247922
598	5.430394	-0.247588
395	1.555111	-0.247281
576	3.880385	-0.246945
432	1.742181	-0.24689
596	4.152315	-0.246677
573	2.049309	-0.245834
519	2.880646	-0.2458
513	5.67908	-0.245162
455	1.815627	-0.245104
561	2.803534	-0.243903
582	4.754813	-0.243202
590	1.411547	-0.243076
519	5.084839	-0.242553
517	2.058495	-0.24255
590	0.521493	-0.24212
482	5.787672	-0.242068
594	3.283843	-0.241885
482	0.71612	-0.241879
563	2.140939	-0.240847
561	2.854907	-0.240124
594	1.942293	-0.240019
557	2.992804	-0.240006
553	1.639509	-0.239432
536	1.031756	-0.237323
328	5.975972	-0.237234
569	4.932823	-0.23688
488	3.232914	-0.236768
517	0.215661	-0.236684
526	5.73032	-0.236524
419	2.296745	-0.236452
555	5.866272	-0.236133
534	1.3861	-0.235965
526	2.499877	-0.235913
217	1.038596	-0.235763
536	0.311054	-0.235678
490	6.104761	-0.234891
596	4.182005	-0.234619
357	2.781857	-0.233604
492	3.748575	-0.233371
584	2.658932	-0.233216
517	1.731267	-0.232495
567	5.84254	-0.232216
584	2.323523	-0.230968
557	3.048505	-0.230423
496	1.39441	-0.229978
548	6.01962	-0.228127
513	2.640356	-0.228023
540	6.185707	-0.227946
576	0.378995	-0.22788
600	2.193797	-0.227846
596	1.174238	-0.227737
532	3.321666	-0.227142
596	1.735208	-0.226627
490	1.366731	-0.225869
448	2.143558	-0.225621
575	5.603339	-0.224766
469	4.631299	-0.224713
475	4.541471	-0.224214
501	5.832894	-0.223952
544	3.288075	-0.223932
551	2.662063	-0.223675
540	1.066304	-0.223271
590	0.752809	-0.222865
528	5.326151	-0.222689
457	3.519984	-0.22179
594	0.914554	-0.221216
590	2.174664	-0.220425
598	5.290222	-0.220209
486	2.948136	-0.219781
580	1.343165	-0.219778
563	0.046742	-0.219559
600	3.499986	-0.219556
496	1.045025	-0.219464
540	4.33505	-0.219217
343	5.314762	-0.218949
559	5.457186	-0.218946
505	1.308686	-0.218817
517	2.210899	-0.218768
403	5.31299	-0.218309
600	1.341349	-0.218009
446	2.269038	-0.217737
446	0.732742	-0.217476
465	3.917284	-0.217077
534	3.603837	-0.216884
596	5.288198	-0.216289
482	1.707731	-0.216275
546	4.031149	-0.215887
563	2.3963	-0.215683
344	2.664203	-0.215615
573	5.187281	-0.215012
573	4.722728	-0.215002
588	1.396194	-0.21495
540	0.636828	-0.214509
492	5.03204	-0.21437
584	5.63902	-0.214104
596	5.129344	-0.213856
580	2.777414	-0.213422
561	2.041793	-0.212808
540	1.216902	-0.211589
354	0.986725	-0.211217
567	3.391229	-0.210609
351	1.807251	-0.210113
580	0.191267	-0.209636
457	2.442471	-0.209002
519	1.867751	-0.208099
546	6.227623	-0.207884
555	3.902478	-0.207666
494	0.696222	-0.207197
500	1.362656	-0.207153
576	0.541955	-0.206993
301	1.358655	-0.20681
471	4.249216	-0.206608
557	1.662821	-0.206251
521	3.243322	-0.206161
490	1.547784	-0.2055
598	1.664224	-0.205481
598	4.754959	-0.204634
598	3.767412	-0.204446
567	6.200927	-0.203866
467	0.122212	-0.203484
559	2.946959	-0.202251
561	1.95416	-0.201705
594	6.161934	-0.201494
488	1.676269	-0.201237
480	3.912891	-0.199138
544	0.256266	-0.198618
432	4.207817	-0.198506
436	5.539645	-0.198473
540	2.581724	-0.197929
565	0.443955	-0.197632
538	2.893974	-0.197279
582	1.861739	-0.197112
551	0.907642	-0.196987
465	0.244457	-0.196638
526	1.889842	-0.196373
594	4.602296	-0.196224
594	0.351091	-0.196154
582	2.688466	-0.195536
542	0.942307	-0.195373
555	5.961336	-0.194887
162	3.513319	-0.1948
551	3.922169	-0.194496
584	2.054796	-0.194214
536	2.295609	-0.192107
494	4.865277	-0.191588
594	4.439394	-0.191344
536	4.61709	-0.190701
573	0.382986	-0.19027
586	4.682101	-0.190232
561	5.188161	-0.189721
401	2.987179	-0.189534
598	2.295801	-0.189016
592	4.849521	-0.188421
557	1.192793	-0.188244
476	4.406227	-0.188195
563	0.027411	-0.18812
563	0.619698	-0.188099
559	5.19576	-0.18786
490	3.437849	-0.187454
544	6.085395	-0.186553
492	0.478162	-0.186509
534	5.893309	-0.186364
528	0.21873	-0.185767
457	0.192816	-0.185166
550	1.578827	-0.18497
567	1.901187	-0.184721
582	5.67	-0.1846
592	5.170125	-0.184529
301	4.350926	-0.184432
521	5.063253	-0.184316
480	5.127432	-0.184313
559	4.493344	-0.183661
434	0.019644	-0.183425
592	0.975482	-0.183006
590	3.137911	-0.18284
557	5.791447	-0.182333
548	3.144818	-0.182295
598	0.957417	-0.182161
540	1.106078	-0.181289
582	2.49552	-0.181005
598	3.467763	-0.180995
348	0.486337	-0.180379
528	3.445956	-0.180281
486	1.418207	-0.180274
484	1.960741	-0.180234
507	4.03258	-0.180149
573	1.072948	-0.179697
588	2.969182	-0.179598
370	3.72146	-0.179317
530	1.308301	-0.179123
459	1.110007	-0.178998
317	0.299269	-0.177707
500	3.547244	-0.177411
571	4.916254	-0.176717
565	1.967765	-0.176411
548	1.702516	-0.175955
534	4.241151	-0.175653
440	4.076107	-0.175648
532	5.509078	-0.174459
592	0.286299	-0.174171
561	6.240617	-0.174086
561	0.793841	-0.173859
594	5.235081	-0.173786
538	1.894809	-0.173617
467	1.673767	-0.172345
565	5.377322	-0.17198
567	2.834964	-0.171963
523	3.039851	-0.171082
588	0.295697	-0.170791
584	4.934812	-0.170589
318	4.708142	-0.170577
338	0.974109	-0.17044
550	3.609443	-0.169461
486	5.484263	-0.169254
265	1.517374	-0.168767
551	6.104119	-0.167738
528	2.267747	-0.167322
409	4.943776	-0.167125
509	2.634069	-0.167096
538	1.566745	-0.166822
467	2.445573	-0.166778
373	2.012574	-0.166698
368	3.378752	-0.166486
425	5.444012	-0.165731
356	0.929134	-0.165079
586	0.699042	-0.164981
505	1.653016	-0.163886
317	4.001203	-0.163762
592	5.544828	-0.163257
528	5.597873	-0.162652
567	3.694494	-0.162551
471	5.699684	-0.161897
561	6.147973	-0.161722
569	5.568896	-0.160828
517	2.051534	-0.16028
576	4.077275	-0.16028
498	6.099505	-0.160264
448	1.753793	-0.160003
511	4.01148	-0.159637
399	6.09071	-0.15861
490	5.694157	-0.15852
588	0.584216	-0.158209
592	1.820363	-0.158203
490	4.896847	-0.158001
546	5.833226	-0.157778
405	1.778579	-0.157055
546	6.251951	-0.157022
521	3.440662	-0.156805
498	5.465732	-0.156787
467	1.19641	-0.156555
451	4.815623	-0.155939
359	0.769806	-0.155292
580	0.036181	-0.154008
324	0.08477	-0.154004
551	1.094301	-0.153936
509	0.854486	-0.153936
588	4.095708	-0.153468
534	2.398055	-0.153374
598	1.917092	-0.153299
488	1.348905	-0.152788
401	3.584967	-0.151899
548	1.406343	-0.151252
148	2.476568	-0.151124
582	4.358069	-0.150421
476	5.210407	-0.149648
582	4.241681	-0.149184
486	0.525545	-0.148774
536	3.931237	-0.148684
598	2.500332	-0.148444
528	2.665696	-0.146932
598	4.192255	-0.146806
498	4.310105	-0.146112
551	4.25694	-0.146051
553	1.990887	-0.145063
455	4.902284	-0.14443
478	0.751524	-0.144288
342	4.86601	-0.143871
413	1.196398	-0.143666
582	5.212558	-0.143648
64	1.37243	-0.143146
336	0.366625	-0.142818
496	4.725838	-0.142773
598	2.565917	-0.14257
503	1.709702	-0.142393
496	4.615721	-0.141698
553	2.585307	-0.141458
550	2.694927	-0.14083
434	3.312841	-0.139549
573	5.029508	-0.13857
525	0.324624	-0.138286
528	0.675053	-0.137169
505	5.662505	-0.137081
459	0.680683	-0.136685
551	3.022877	-0.136616
592	1.656812	-0.136536
586	5.847719	-0.136505
396	1.413486	-0.136276
507	4.88696	-0.135971
401	5.833033	-0.135843
390	0.063093	-0.135797
528	2.144796	-0.135655
336	6.094905	-0.134853
600	2.479332	-0.134752
598	6.086086	-0.134442
567	6.043909	-0.134282
519	0.797198	-0.134137
561	3.15408	-0.134108
553	0.790484	-0.133742
430	1.113943	-0.1334
561	2.753166	-0.133299
557	2.651859	-0.133181
559	0.80405	-0.132662
413	4.309763	-0.132604
274	5.989159	-0.132291
598	1.960996	-0.131799
490	2.194324	-0.131654
600	1.533125	-0.131213
584	3.324684	-0.130903
571	5.074869	-0.129164
569	0.953332	-0.129009
521	0.243067	-0.12823
580	4.896952	-0.128062
528	1.44832	-0.127434
453	2.284955	-0.126249
519	1.478666	-0.125886
584	5.997689	-0.125743
569	5.862283	-0.125568
596	2.501635	-0.125491
590	2.319433	-0.12526
542	1.315276	-0.125209
596	4.820168	-0.123496
590	4.898276	-0.123457
565	6.02747	-0.123241
482	2.730303	-0.123223
592	5.102281	-0.122942
432	1.696549	-0.122758
542	5.135155	-0.122653
580	0.408897	-0.122612
505	0.998297	-0.122433
530	1.092468	-0.120843
476	3.7904	-0.120434
415	1.38582	-0.119457
428	1.09897	-0.119342
561	1.196588	-0.11934
580	0.914784	-0.118757
509	2.033467	-0.118199
509	3.173224	-0.118085
565	1.589233	-0.117095
536	1.909075	-0.116585
594	3.071425	-0.116538
530	6.032481	-0.114737
575	2.304191	-0.114471
569	1.622561	-0.114325
492	4.907347	-0.114077
532	5.77387	-0.113839
573	1.122773	-0.11296
536	0.597701	-0.112082
548	6.233188	-0.111359
586	5.32516	-0.111029
490	2.429042	-0.110884
571	1.746699	-0.110768
600	6.156732	-0.109747
357	1.635616	-0.109514
369	3.54287	-0.109183
578	4.523512	-0.108994
580	5.598087	-0.108781
592	5.381841	-0.108547
496	4.427007	-0.107406
590	4.131008	-0.106821
426	0.814016	-0.106264
536	2.477421	-0.105958
573	1.364856	-0.105717
336	6.083878	-0.105565
315	0.008552	-0.104964
469	1.461844	-0.104818
417	3.735071	-0.104709
525	2.506921	-0.103234
496	4.929176	-0.103232
342	1.463605	-0.103149
588	6.111632	-0.10311
590	1.712105	-0.102431
459	4.961364	-0.102035
582	3.165961	-0.102034
534	4.019177	-0.101662
551	5.515575	-0.101638
586	1.945411	-0.100795
594	1.312534	-0.100366
596	4.596752	-0.10026
376	4.981522	-0.100163
463	0.462459	-0.100064
532	0.856788	-0.100014
415	1.84106	-0.099871
438	0.023282	-0.099621
428	4.919574	-0.099572
488	4.993399	-0.099219
573	1.259269	-0.099019
405	3.853073	-0.098739
561	5.357153	-0.098685
578	0.95565	-0.098185
281	5.635489	-0.097235
486	3.446809	-0.096672
565	3.991762	-0.096041
567	1.042284	-0.09546
463	1.277993	-0.09517
594	2.06297	-0.094739
528	1.463432	-0.094531
482	5.063842	-0.094525
551	3.558383	-0.094185
513	1.46291	-0.094052
559	5.834236	-0.094024
594	3.683705	-0.093923
540	3.102485	-0.093085
569	2.182902	-0.09302
530	1.850432	-0.092922
569	0.045002	-0.091604
592	3.510522	-0.090128
576	6.106022	-0.089437
488	2.467026	-0.089316
586	5.943271	-0.089045
471	4.566795	-0.088776
317	1.343251	-0.088771
526	0.918992	-0.088578
592	3.279673	-0.088185
333	5.444281	-0.087748
557	6.000366	-0.087054
532	3.505124	-0.085947
399	5.001456	-0.085212
559	1.464588	-0.084753
559	4.636408	-0.084644
521	1.463398	-0.084444
511	0.275081	-0.084412
519	4.710699	-0.08414
546	0.453408	-0.083174
557	1.692774	-0.083122
588	5.368233	-0.082983
555	4.739667	-0.082924
399	4.918227	-0.082865
571	6.028056	-0.082231
306	4.268728	-0.081901
567	1.338498	-0.081239
561	5.139067	-0.081114
526	0.198101	-0.080796
563	1.551174	-0.080573
569	5.589732	-0.079589
584	5.064969	-0.078583
521	1.34708	-0.077776
586	2.362841	-0.077775
586	3.31056	-0.076336
598	5.754859	-0.076313
561	0.177598	-0.075949
471	3.914706	-0.075852
536	5.734159	-0.074629
578	5.80567	-0.07447
561	1.845306	-0.073989
471	1.877224	-0.073962
469	5.924324	-0.073791
600	0.737591	-0.073738
423	4.455215	-0.073695
523	1.321025	-0.07348
596	1.599797	-0.073182
590	5.666593	-0.072437
592	5.505094	-0.072109
528	1.995255	-0.071752
478	0.539632	-0.071618
596	1.520974	-0.071453
511	4.698408	-0.071242
490	4.995817	-0.070388
592	2.20982	-0.069592
546	5.651788	-0.069521
496	0.131071	-0.069068
594	0.374689	-0.068545
440	2.206363	-0.068179
498	1.894484	-0.068091
567	1.104836	-0.067812
596	4.140562	-0.066645
503	0.83476	-0.066524
557	1.841813	-0.065539
571	2.201671	-0.065471
559	1.150527	-0.065368
569	1.631465	-0.065301
542	4.941151	-0.065026
559	0.770668	-0.06479
590	4.986879	-0.064561
192	4.251386	-0.064471
482	4.714492	-0.064406
459	0.448224	-0.064405
459	2.093245	-0.064222
478	2.952499	-0.063732
592	2.720726	-0.063581
523	0.153778	-0.062706
490	5.608105	-0.062073
467	6.277399	-0.06206
505	5.229627	-0.062024
600	6.089329	-0.061023
480	4.231737	-0.060506
551	1.437256	-0.060151
586	2.309779	-0.060091
594	0.427029	-0.060069
405	4.143505	-0.059867
582	2.127944	-0.059459
548	0.688079	-0.059272
600	0.958355	-0.059216
548	0.056369	-0.059017
567	3.406005	-0.058794
453	1.205668	-0.058512
461	1.245739	-0.056804
594	1.837098	-0.056765
576	0.706009	-0.056088
576	0.459708	-0.05531
571	6.252316	-0.055071
600	5.206806	-0.054358
544	2.840924	-0.053976
550	4.150661	-0.05394
492	4.385973	-0.053842
413	1.57104	-0.053652
567	0.007957	-0.05284
586	4.786063	-0.052476
409	3.012066	-0.05242
417	2.131888	-0.052079
225	0.608009	-0.051958
444	1.022285	-0.051551
390	1.658034	-0.051391
586	5.89619	-0.050809
308	4.805397	-0.05056
457	5.365357	-0.050361
515	0.7891	-0.050243
319	3.464797	-0.048989
573	1.810716	-0.048932
573	5.348164	-0.048872
379	5.107984	-0.048675
571	0.779732	-0.048568
461	2.483374	-0.048292
525	6.230569	-0.048199
446	3.932795	-0.048082
573	2.74662	-0.047806
563	1.135575	-0.045876
546	4.776145	-0.045431
430	1.478075	-0.045371
596	0.043271	-0.044703
421	5.39624	-0.044504
557	1.73809	-0.044401
530	0.334254	-0.043637
548	5.441326	-0.043404
396	2.887769	-0.043363
548	1.211266	-0.043167
530	5.197526	-0.042951
563	0.035786	-0.042721
592	3.047354	-0.042516
555	3.268836	-0.042404
399	1.415799	-0.041837
559	0.579386	-0.04178
563	4.347408	-0.040558
471	3.887795	-0.040122
492	3.750462	-0.039538
600	2.851072	-0.039359
542	0.312961	-0.039288
480	3.788254	-0.038885
573	0.106878	-0.038728
446	5.700816	-0.03862
521	5.774046	-0.037618
480	4.625992	-0.037565
528	2.852432	-0.037164
548	2.295285	-0.03576
519	4.841904	-0.034649
492	2.830384	-0.034191
239	1.48684	-0.033905
494	1.96049	-0.033254
575	2.300563	-0.033111
592	2.892886	-0.032579
573	0.574202	-0.031858
590	4.128117	-0.031488
600	3.146084	-0.030857
588	1.809471	-0.030657
598	3.001512	-0.02967
546	0.264737	-0.028948
569	1.497296	-0.028155
578	3.331984	-0.027523
565	5.908144	-0.027477
536	4.902731	-0.02721
588	1.05389	-0.027046
486	3.642081	-0.026233
517	1.457646	-0.02566
559	2.471264	-0.025554
259	3.323417	-0.025292
515	3.862396	-0.024741
407	2.099725	-0.024302
436	5.854076	-0.024215
582	1.840805	-0.02349
488	5.134415	-0.022457
569	1.717543	-0.021296
229	1.467007	-0.020978
511	0.841126	-0.020872
521	4.070831	-0.020705
494	2.495743	-0.020681
580	0.979603	-0.0203
596	1.455276	-0.020177
407	0.231292	-0.019971
349	2.530097	-0.019944
557	1.487218	-0.019705
580	1.808208	-0.01967
594	0.959899	-0.019568
419	5.403267	-0.019288
397	1.438732	-0.01906
576	5.322036	-0.018826
528	4.583227	-0.018542
598	1.2208	-0.018369
519	0.663911	-0.018061
490	5.29372	-0.017616
596	4.140273	-0.017477
590	1.209634	-0.017424
598	3.588208	-0.017398
592	1.562921	-0.017349
573	2.734129	-0.017246
584	0.326465	-0.017009
565	1.547818	-0.016903
521	6.019017	-0.016811
594	1.681074	-0.016498
573	4.007174	-0.016395
511	0.865555	-0.016233
553	2.650963	-0.016025
563	5.78049	-0.015821
600	5.064049	-0.01557
596	4.474751	-0.015569
490	1.41582	-0.015565
596	4.126212	-0.01555
567	0.620494	-0.015442
411	3.041013	-0.01438
376	5.285312	-0.014337
557	1.317021	-0.012606
492	4.018768	-0.012488
525	5.255126	-0.012373
582	0.703501	-0.012133
573	5.271022	-0.011833
436	3.228452	-0.011637
478	4.313434	-0.01161
567	2.750167	-0.011117
517	5.764313	-0.010558
379	3.554783	-0.010403
586	5.910555	-0.010392
563	0.945919	-0.010266
586	1.352868	-0.009865
586	5.451046	-0.009831
428	1.37277	-0.009826
569	1.369156	-0.00978
569	1.565677	-0.00965
596	1.792585	-0.009432
580	3.137478	-0.009263
573	1.638745	-0.008929
588	0.348215	-0.008879
461	1.884364	-0.008601
494	5.40796	-0.008491
536	2.364777	-0.008428
569	5.485465	-0.008091
519	4.007433	-0.008051
519	5.337743	-0.007896
444	4.523074	-0.00777
434	0.946298	-0.007033
430	0.619348	-0.006907
534	1.403953	-0.006676
598	3.996014	-0.006495
500	2.652631	-0.006487
584	0.54019	-0.00594
467	5.089896	-0.00591
575	5.293033	-0.005774
571	4.576377	-0.00577
469	0.695873	-0.005734
280	5.784823	-0.005581
573	1.882309	-0.005272
494	1.689606	-0.005224
288	1.448651	-0.00522
503	0.98149	-0.005177
540	6.124064	-0.005084
573	6.282203	-0.004887
511	1.68974	-0.004818
546	1.058587	-0.004681
578	2.002529	-0.004545
565	3.88773	-0.004495
553	5.071746	-0.004403
582	5.102035	-0.004296
561	0.997667	-0.003977
575	2.847511	-0.003519
523	4.831109	-0.003426
594	2.020609	-0.003302
505	2.446128	-0.003171
515	3.916305	-0.002935
519	5.530723	-0.002859
498	3.934913	-0.002448
555	2.98146	-0.002303
576	0.537532	-0.002241
457	5.913853	-0.002048
403	6.260398	-0.001908
540	1.140794	-0.001705
551	5.561572	-0.001615
592	2.93983	-0.001213
567	4.314044	-0.000963
451	1.186291	-0.000769
382	5.885389	-0.000352
548	1.451385	-0.00021
559	2.895547	-0.000024
357	5.203144	0.017552
505	4.285108	0.017958
586	1.360291	0.018094
486	5.055092	0.018937
592	1.512253	0.020395
434	1.332538	0.020551
598	4.370781	0.020613
596	4.413133	0.021223
561	1.561671	0.021365
544	6.138897	0.021919
507	5.681783	0.022433
513	4.680064	0.022776
490	4.720037	0.022777
565	5.343745	0.023887
503	5.869878	0.02404
584	5.233271	0.024042
528	2.984685	0.024569
596	3.464305	0.02542
521	2.386733	0.025529
459	1.494341	0.025737
465	3.672375	0.026958
573	2.962333	0.028808
403	1.30266	0.029916
551	0.360477	0.030131
569	0.602225	0.030661
368	3.100958	0.030813
569	2.058179	0.030837
517	4.011242	0.030838
484	6.204856	0.031075
588	2.558627	0.031166
538	5.649251	0.031924
548	4.051949	0.032153
559	1.416975	0.032227
548	0.072679	0.032299
451	3.309032	0.03237
434	1.537811	0.03238
592	1.169634	0.032438
584	0.805619	0.032525
419	3.866996	0.033037
561	3.183865	0.033131
553	1.972654	0.033413
571	0.110845	0.033854
532	2.909934	0.034134
432	4.323677	0.03463
444	2.955233	0.035097
580	1.529346	0.035336
582	4.621331	0.03547
555	4.908007	0.035955
415	3.93965	0.036499
588	6.180164	0.036688
501	2.206063	0.036692
525	6.059262	0.037134
440	4.536874	0.037339
500	4.14643	0.038342
511	2.087198	0.038825
488	5.670376	0.03916
488	0.66105	0.039571
569	5.034016	0.040033
440	2.418866	0.040406
505	1.095889	0.040463
398	2.104282	0.040738
588	4.305881	0.040979
467	4.782609	0.041496
559	3.718702	0.042054
423	1.779629	0.0421
434	1.283914	0.042597
523	0.307874	0.042682
594	4.958595	0.043128
561	4.744457	0.043309
594	2.815034	0.043424
584	1.609991	0.043604
575	3.026426	0.043616
397	4.736175	0.043678
428	1.280108	0.043777
586	4.119111	0.043905
551	1.392717	0.045307
540	1.698407	0.046187
592	1.735174	0.047198
423	4.659562	0.047254
548	4.587408	0.047553
575	1.917126	0.047834
430	0.532531	0.048236
546	1.065361	0.049345
471	3.001694	0.049829
415	1.36699	0.049937
555	4.308947	0.050103
463	5.105854	0.050678
536	1.690096	0.05076
492	6.248122	0.051145
432	4.715212	0.051156
578	2.996587	0.052547
528	6.024507	0.05257
576	1.758899	0.052952
561	3.366808	0.05335
536	0.959287	0.053351
590	3.029751	0.053414
525	1.426098	0.054029
594	0.524254	0.054065
509	1.895142	0.054303
363	5.085433	0.054359
582	4.755587	0.05446
590	0.163657	0.054725
446	0.495479	0.055631
592	1.545763	0.056299
389	0.712541	0.056481
592	2.054205	0.0572
465	2.060008	0.057203
352	6.096248	0.057286
584	1.977432	0.057425
461	3.2304	0.057817
513	4.758952	0.058019
515	3.730137	0.058224
415	2.263507	0.058319
482	0.869866	0.058817
471	4.803443	0.058941
224	3.384231	0.059299
492	2.282998	0.059318
598	0.692079	0.060094
528	4.227981	0.060291
588	3.133878	0.060775
367	6.223811	0.060857
509	3.591304	0.061753
559	1.408623	0.061862
530	3.350408	0.062355
573	1.259883	0.062631
578	1.828016	0.062873
559	0.339466	0.063084
453	2.88224	0.063137
586	3.141369	0.063795
540	3.55232	0.063861
557	0.877519	0.064152
573	0.473131	0.064322
513	4.833861	0.065426
580	1.458571	0.065745
540	4.474935	0.065753
596	6.010679	0.066499
501	6.038302	0.06666
584	2.180922	0.068907
592	4.754123	0.069698
160	0.795345	0.071383
509	1.479977	0.071933
378	4.566282	0.072262
544	1.592493	0.072582
399	4.957727	0.073358
582	1.441346	0.073388
594	4.366064	0.073588
594	2.341436	0.073942
551	4.922023	0.074026
540	5.493755	0.074946
584	4.854818	0.074986
500	4.713535	0.076248
584	5.87574	0.076684
550	1.528112	0.077205
559	4.192511	0.077269
575	5.890338	0.077353
411	4.148712	0.078148
515	0.77264	0.078556
592	5.478922	0.079112
250	4.640277	0.079707
490	3.924309	0.079724
451	1.67451	0.080164
546	2.673871	0.080539
421	2.523994	0.081147
455	5.881136	0.081968
582	5.249993	0.082558
578	2.807124	0.082857
573	2.241547	0.083023
544	3.799391	0.083287
600	2.612813	0.083926
565	1.711822	0.084753
576	0.287265	0.085686
503	3.993268	0.086208
584	2.592288	0.086317
588	1.721751	0.086699
580	4.205205	0.087035
548	6.070406	0.087338
484	4.246634	0.087634
430	5.784365	0.088284
465	2.382257	0.088878
573	1.64616	0.089005
507	1.373288	0.089991
538	1.176567	0.090133
400	3.41488	0.090507
51	2.004117	0.091243
575	4.397244	0.091576
399	5.566829	0.091596
555	0.211074	0.092216
596	0.793562	0.093131
509	5.337123	0.093254
469	6.110146	0.093924
565	5.145202	0.09421
578	2.042284	0.09442
551	1.59248	0.094595
588	1.063531	0.094867
586	5.121526	0.095395
386	3.480208	0.095466
584	1.885503	0.095544
397	0.44258	0.095776
584	3.623352	0.095944
600	3.960466	0.09596
490	5.517759	0.096045
590	1.096666	0.096406
590	5.45411	0.096752
473	0.680132	0.097621
428	1.270626	0.097827
421	6.195685	0.098218
586	2.362841	0.098452
573	0.298331	0.098616
565	0.28308	0.09872
428	5.68217	0.099137
463	2.258705	0.099549
596	5.66591	0.100736
588	5.848856	0.101046
590	3.185483	0.101349
551	3.77074	0.10158
486	2.305724	0.101889
596	4.250864	0.103005
294	2.336101	0.103768
478	1.44332	0.103817
492	2.590572	0.103994
596	5.521553	0.103999
438	1.060969	0.104533
546	1.627488	0.105002
457	2.972024	0.105232
588	0.984687	0.105594
544	5.013453	0.106002
507	3.736481	0.106136
592	4.682884	0.106486
536	2.883056	0.106492
561	1.137464	0.107004
434	0.393492	0.107233
588	1.825431	0.107634
359	2.862447	0.107951
576	0.919599	0.108014
573	1.114662	0.108078
578	1.985528	0.108112
398	5.804078	0.108172
555	4.631834	0.110185
227	1.418652	0.110823
405	6.143427	0.111336
565	4.228862	0.111367
358	5.215535	0.111842
333	2.298503	0.112031
236	4.12014	0.112147
557	1.518448	0.112646
507	0.261049	0.113153
528	3.474946	0.113529
325	3.079893	0.113967
582	2.718384	0.114194
505	3.145403	0.115443
532	4.954368	0.115462
598	2.250809	0.115514
515	0.839675	0.116254
555	4.872312	0.116448
492	2.557638	0.117087
584	0.206793	0.117651
573	0.986792	0.118747
561	5.597678	0.118875
478	2.518562	0.119306
417	6.280174	0.119793
555	0.680944	0.120129
557	1.954922	0.121162
490	2.769843	0.121362
332	1.264643	0.121497
511	5.534741	0.121987
582	0.325968	0.122089
592	5.310183	0.123424
565	1.680826	0.123669
598	1.918961	0.12467
588	3.080964	0.125212
555	3.534298	0.125293
584	4.408363	0.126499
513	4.795987	0.126705
523	5.254045	0.127023
567	2.36818	0.127378
567	0.210701	0.127408
492	1.714366	0.127984
486	2.901702	0.128039
446	4.12965	0.128337
480	5.589766	0.128362
411	5.122922	0.128794
592	1.755302	0.129117
-62	1.549728	0.129277
540	1.866737	0.130398
590	0.676617	0.1304
498	2.207462	0.132025
482	0.321729	0.132229
381	0.212414	0.132387
596	4.565419	0.13257
534	3.278414	0.132719
548	3.340643	0.133924
596	5.288493	0.134118
548	2.4587	0.134632
550	1.106329	0.13467
559	0.683231	0.134916
500	1.286293	0.135772
567	0.422043	0.136684
569	1.217808	0.137375
407	0.274647	0.137707
590	0.38566	0.138952
444	1.900911	0.139238
546	4.824294	0.140185
428	1.777314	0.140277
376	2.618927	0.140399
551	2.941012	0.14069
586	3.771246	0.141108
396	3.047607	0.141969
467	3.846907	0.142449
557	2.480492	0.142917
498	0.089875	0.142946
542	5.621767	0.143042
565	1.064396	0.14307
578	3.088865	0.143917
498	0.550671	0.143956
507	5.764623	0.144111
517	3.077379	0.144131
343	1.951065	0.144678
482	3.559897	0.144736
553	2.609821	0.145106
588	4.984486	0.146143
596	5.358707	0.147261
498	4.571604	0.147342
542	3.120006	0.147374
530	3.767204	0.147416
480	0.646464	0.147656
446	5.210887	0.147683
594	0.010891	0.148102
557	1.343385	0.148329
459	4.225741	0.148954
517	5.240277	0.149361
576	0.573135	0.149577
440	4.388765	0.149793
465	4.226353	0.15033
586	2.08246	0.150817
332	6.062944	0.151446
561	5.285484	0.152143
557	6.072597	0.152195
394	3.164332	0.152416
448	4.744268	0.152434
538	0.499029	0.153258
463	2.728182	0.153325
540	6.00056	0.153872
421	0.580323	0.154405
538	4.555134	0.154506
110	5.195746	0.154763
594	3.046317	0.15505
480	1.114978	0.155202
482	1.268032	0.155339
526	0.784154	0.155464
376	1.955483	0.155776
557	2.602434	0.155911
536	6.078475	0.156441
600	2.71502	0.156457
348	0.89367	0.157587
542	2.480359	0.15807
559	4.871494	0.159224
480	5.886702	0.159332
409	0.459864	0.15983
297	2.16646	0.16032
509	1.857249	0.160323
473	1.108022	0.161687
482	1.944507	0.161899
386	1.470027	0.162166
442	2.76116	0.16243
463	6.245463	0.162551
526	0.758213	0.162943
293	4.44043	0.163626
373	6.051948	0.164227
576	1.194688	0.164301
530	3.476604	0.164472
598	1.795928	0.164762
553	1.151323	0.165125
498	1.46093	0.165628
569	1.5135	0.166202
555	3.343945	0.166499
413	4.744461	0.166917
590	0.652707	0.166953
600	2.659553	0.16743
448	1.581195	0.16838
571	4.945819	0.168575
592	3.676243	0.169057
457	2.495647	0.169573
428	0.903944	0.16987
576	4.47747	0.169888
592	6.065129	0.171427
575	1.349693	0.171559
528	5.988205	0.171663
571	1.527354	0.172283
187	5.690584	0.172351
588	4.411544	0.172419
598	4.222064	0.172644
368	2.535755	0.172655
521	1.749611	0.1727
594	5.364445	0.17275
399	1.462313	0.173382
571	1.645464	0.173517
521	1.724792	0.174329
378	2.652487	0.174491
459	5.560965	0.174669
509	4.08622	0.174716
578	1.110919	0.174733
555	3.443564	0.174925
546	5.348275	0.175506
492	2.289657	0.175959
507	5.406707	0.176035
590	1.085166	0.176268
511	3.729977	0.176296
451	0.719683	0.176526
582	1.13282	0.176652
500	5.54291	0.176836
586	3.629692	0.176905
509	1.286722	0.17717
457	1.202759	0.177347
496	4.424447	0.17742
532	3.324344	0.178649
598	1.462674	0.178722
559	5.015059	0.178742
582	0.073133	0.178803
598	3.285794	0.179693
592	1.694337	0.179839
399	6.210635	0.180318
586	2.80247	0.180736
515	5.196823	0.181797
600	2.306527	0.18209
411	2.984179	0.183773
411	4.078846	0.183928
580	2.832919	0.184049
453	4.504973	0.184746
559	1.545586	0.184768
220	5.176034	0.185238
542	2.198766	0.18556
582	2.389998	0.186195
582	3.576086	0.187555
573	2.034488	0.187942
540	3.530877	0.188816
395	5.940496	0.189043
528	5.490955	0.189183
457	2.348632	0.189285
590	1.734922	0.189428
438	4.531819	0.189626
513	0.788604	0.189725
576	4.903757	0.19026
580	5.568147	0.190761
565	6.250978	0.191068
465	1.848455	0.191142
275	3.412902	0.191273
578	4.933866	0.191566
553	4.305385	0.191821
509	1.750944	0.192042
521	1.470756	0.192598
542	2.079362	0.192786
557	6.080038	0.193128
561	5.00463	0.193231
567	0.996017	0.194486
567	1.241064	0.194535
496	5.58011	0.195534
590	0.079796	0.195589
573	4.083591	0.196623
586	5.135087	0.19675
486	2.495588	0.197223
459	5.380906	0.19728
496	3.466747	0.197779
567	0.918078	0.197857
586	5.401	0.198579
584	4.303067	0.199098
578	5.21957	0.199382
557	1.286229	0.199423
298	2.563705	0.199471
530	2.988804	0.199496
419	4.331065	0.200508
555	3.383779	0.200642
565	1.556934	0.201083
557	1.709569	0.201484
507	3.458149	0.201693
561	5.051928	0.202378
492	5.805944	0.202889
498	2.338417	0.202912
538	3.847261	0.203522
594	0.812822	0.203599
576	1.941545	0.203673
592	1.712116	0.203742
588	3.972915	0.203743
573	1.248036	0.204301
576	5.790317	0.205387
509	2.558606	0.20612
582	5.186691	0.206226
544	5.159923	0.206414
465	2.349592	0.206959
509	5.083085	0.208447
582	4.671929	0.208505
189	2.654535	0.208867
578	3.002117	0.20897
534	0.20518	0.208984
419	1.962607	0.209555
584	4.607	0.210259
596	4.102277	0.210364
555	1.896048	0.21146
573	0.423676	0.211909
426	5.963313	0.212479
559	5.853477	0.21302
565	4.99951	0.213061
521	1.642541	0.21418
465	6.122072	0.214922
576	5.059952	0.215963
578	2.610242	0.217203
550	0.719766	0.217227
576	0.683423	0.217256
397	1.050166	0.217998
467	1.213687	0.218355
551	2.306712	0.218986
590	1.639517	0.219056
245	4.603015	0.219225
598	5.478777	0.219363
573	5.921383	0.219508
517	1.849439	0.219811
559	0.890854	0.220429
544	1.525196	0.220805
426	2.211037	0.220869
582	2.282915	0.221323
532	4.474052	0.222372
440	6.148596	0.222712
548	1.565941	0.223546
582	4.109334	0.224232
600	2.025604	0.224449
551	1.993018	0.224543
578	4.974066	0.224967
352	1.768414	0.225079
389	0.920106	0.225788
598	0.290425	0.226123
561	3.726668	0.226188
561	3.749273	0.226968
588	5.089389	0.227305
582	5.38412	0.227365
538	1.173013	0.227724
598	0.834989	0.227724
561	2.578867	0.228047
592	2.353787	0.22819
563	2.11654	0.228958
586	5.764336	0.228988
486	1.809221	0.23
551	0.813301	0.230164
519	5.321022	0.230675
419	1.762731	0.230873
592	3.96579	0.230996
569	2.092582	0.231119
598	2.241661	0.231384
496	2.949017	0.232261
515	5.404993	0.232391
561	2.04653	0.233381
544	0.024867	0.233809
534	1.790817	0.234104
459	0.534877	0.235211
473	2.015265	0.235277
586	0.097841	0.235313
375	1.293167	0.235873
580	4.467897	0.2368
538	4.970245	0.237754
490	3.478703	0.238683
511	1.856974	0.239281
488	5.478638	0.239486
569	1.180808	0.239534
440	2.690771	0.239605
376	3.84471	0.239605
584	2.010559	0.240352
492	3.527454	0.240513
559	4.1374	0.240674
350	4.997795	0.241968
590	1.517194	0.242593
571	5.349546	0.242802
584	1.553442	0.243221
436	2.54701	0.244725
505	4.299686	0.24493
586	1.134292	0.244959
596	1.143444	0.245693
397	4.464251	0.245951
578	1.982802	0.246111
444	2.758479	0.24674
536	1.717419	0.247057
536	2.820552	0.247746
430	2.016089	0.247985
507	1.622907	0.247992
327	1.276415	0.248723
540	1.529263	0.249682
94	4.514528	0.251151
521	4.176766	0.251574
561	5.942654	0.253358
571	5.937937	0.253925
257	3.093881	0.254336
561	5.416065	0.254518
378	5.399821	0.254735
530	5.102332	0.254749
546	3.659371	0.255681
486	1.658371	0.255712
509	5.39005	0.256113
451	1.163295	0.256806
488	1.681922	0.25695
525	5.511007	0.257086
501	1.603835	0.257759
598	5.69204	0.257824
571	5.781653	0.258589
492	4.59769	0.259036
496	1.194885	0.259085
555	3.211423	0.260038
496	2.422653	0.260778
588	0.284006	0.260857
380	4.972545	0.262994
469	5.425614	0.263103
526	5.041066	0.263259
557	1.137099	0.263471
399	4.086121	0.263566
505	1.18298	0.263636
530	3.866341	0.264099
584	3.218987	0.264327
348	0.057753	0.265004
538	5.29828	0.265245
299	6.042156	0.265384
488	6.265342	0.265819
592	4.744435	0.265893
486	3.741434	0.266397
492	0.580557	0.266684
588	1.83433	0.266828
557	2.344188	0.267434
557	1.842594	0.267668
346	0.399171	0.267835
517	1.328932	0.268853
532	3.009377	0.269013
411	4.12852	0.269163
419	4.039522	0.26927
384	2.94193	0.2693
436	0.203109	0.270101
521	5.259736	0.270533
590	5.844213	0.271326
600	2.345661	0.271945
505	1.351321	0.272222
478	1.162148	0.272593
349	1.133557	0.272755
580	1.178715	0.272932
594	3.122723	0.273087
394	4.173298	0.27341
540	0.306263	0.273565
578	1.18092	0.273878
419	4.386777	0.27481
544	2.081268	0.275587
342	3.61928	0.275723
546	1.218033	0.275763
569	1.979236	0.276227
596	0.805808	0.276744
596	5.902623	0.276866
374	1.172256	0.277
598	1.430124	0.277057
521	1.264208	0.27758
428	5.408939	0.277717
507	1.218563	0.27782
528	1.869105	0.278047
573	4.633752	0.278417
361	1.171874	0.278594
571	5.509944	0.278679
588	4.105818	0.279681
578	5.811313	0.279961
451	1.360016	0.280049
503	1.833747	0.280631
393	5.439574	0.281432
548	1.623394	0.281529
594	1.638076	0.281751
366	1.890938	0.282029
515	1.180538	0.282639
598	5.485514	0.283641
580	1.572562	0.28447
453	3.751391	0.284607
544	4.597445	0.284798
465	1.171287	0.285531
551	3.914749	0.286027
239	1.735345	0.286223
571	0.434934	0.286335
501	3.842906	0.286548
540	2.517826	0.286896
523	0.123096	0.287021
578	2.99153	0.287229
530	5.136935	0.287334
15	1.203927	0.28815
592	2.151098	0.288229
538	2.087957	0.288305
542	1.489179	0.288573
399	1.911543	0.288686
521	5.146197	0.289221
469	3.345123	0.289332
578	5.218626	0.290334
467	5.271365	0.290844
490	1.843745	0.291022
586	4.812958	0.291262
594	3.63266	0.291977
534	4.544653	0.292013
436	4.712638	0.292359
388	2.649988	0.292563
590	1.149371	0.292819
544	5.991009	0.293936
534	3.446144	0.294065
469	4.563628	0.295265
598	1.706789	0.295635
519	0.213709	0.295679
448	5.997797	0.295688
442	3.862595	0.296087
576	3.693524	0.296186
580	1.883999	0.296294
582	1.470708	0.297411
448	4.224036	0.297561
563	1.449668	0.297701
578	5.253893	0.297955
538	3.369338	0.29799
523	1.971376	0.298211
513	3.302916	0.298269
576	3.408455	0.298855
513	1.29753	0.299385
575	1.642339	0.299874
492	2.336036	0.300742
461	1.431288	0.300881
588	1.101836	0.301546
528	2.097836	0.302094
598	5.351118	0.302213
523	1.082061	0.302637
409	5.692005	0.302815
538	4.966534	0.303005
505	1.41554	0.303403
590	4.157967	0.303743
399	3.398699	0.30385
517	1.152332	0.304458
465	3.609637	0.304676
580	0.738676	0.304811
419	5.153298	0.305016
386	5.236232	0.305721
534	1.489536	0.30582
407	3.447027	0.305937
360	1.147265	0.306176
526	6.068117	0.307076
565	1.755824	0.307973
476	2.147691	0.308019
592	4.082127	0.308148
600	3.672229	0.308374
425	2.004842	0.308475
576	1.515978	0.309432
559	2.909174	0.309576
517	1.843178	0.309892
590	1.711751	0.310366
451	3.231993	0.31054
515	5.324807	0.310545
494	0.512038	0.310975
488	4.194197	0.310983
484	4.811944	0.311141
600	0.934355	0.311255
359	0.122378	0.312291
592	5.62432	0.312521
469	1.158404	0.312898
557	3.635587	0.312988
598	1.42754	0.3135
565	4.790554	0.313833
534	5.792308	0.314173
434	5.149139	0.314401
575	0.769832	0.314573
405	4.539228	0.315158
453	2.23226	0.315811
540	4.957181	0.316005
563	2.352614	0.316516
333	4.139661	0.316634
371	2.289371	0.316864
476	4.917554	0.317321
536	0.039437	0.317858
565	0.539787	0.318578
344	5.401409	0.318844
548	0.735371	0.319112
584	1.639254	0.319351
561	3.832016	0.319369
352	0.767109	0.319945
459	3.294859	0.320738
276	3.642002	0.321118
532	3.012808	0.32131
482	4.430392	0.321721
588	5.871628	0.321913
525	0.413722	0.322198
563	5.250265	0.322903
426	2.033854	0.323063
519	5.042065	0.32317
225	5.180977	0.323477
573	5.168467	0.324434
297	1.449551	0.32453
586	5.376195	0.325111
490	1.341477	0.325418
576	1.506187	0.326455
532	4.916109	0.326481
576	3.461026	0.326853
571	1.24913	0.326985
544	0.821837	0.328037
546	4.256327	0.328263
542	1.271357	0.328819
525	2.820487	0.329721
594	3.469586	0.330199
582	0.84611	0.331145
515	3.979661	0.331192
584	5.137335	0.331203
446	3.889407	0.333383
409	6.250409	0.333713
538	5.187893	0.33409
586	3.898198	0.334269
403	4.284438	0.334283
536	1.635586	0.33435
563	0.376357	0.33462
329	1.172055	0.334763
-44	3.733583	0.334893
584	0.284502	0.335064
576	3.780631	0.335571
526	0.378274	0.335811
576	4.59624	0.336097
440	0.495366	0.336763
565	5.662529	0.337172
576	2.059254	0.337287
465	5.499802	0.337366
586	2.735841	0.337975
600	5.957986	0.338007
534	3.141939	0.338933
492	2.704119	0.339841
592	5.792203	0.339911
283	5.230561	0.340201
469	0.569961	0.340346
563	5.929219	0.340733
559	4.726976	0.341315
588	5.999641	0.341381
526	1.087187	0.342247
555	0.304646	0.343102
563	4.98674	0.343149
592	0.976447	0.343221
501	4.108298	0.343316
565	4.467511	0.343665
573	1.585872	0.343668
417	0.836133	0.344296
553	5.125079	0.34511
492	5.085347	0.34555
383	5.594151	0.345652
596	1.40038	0.345824
173	2.705124	0.346306
590	2.07548	0.347042
509	5.08972	0.347175
590	0.890183	0.347442
482	5.258493	0.348906
548	4.751138	0.349855
486	0.457846	0.350519
594	1.392971	0.351411
484	1.5879	0.351483
490	2.889959	0.352203
584	5.039832	0.352611
390	0.063712	0.352673
467	1.697164	0.352781
453	3.089176	0.352893
553	0.0779	0.353028
511	0.447241	0.353783
444	1.546295	0.353891
517	0.1422	0.354205
467	4.165132	0.354491
569	1.343062	0.356369
505	2.237114	0.356767
428	1.928363	0.35681
484	0.363972	0.357253
476	4.322136	0.357432
298	2.941344	0.358212
538	3.194628	0.358527
434	4.911628	0.358617
551	4.661829	0.358935
390	1.85052	0.359035
548	4.007314	0.359063
523	1.122517	0.359165
596	0.777039	0.360739
521	1.508213	0.361193
596	0.296494	0.361967
471	0.884683	0.362016
551	2.183183	0.362118
550	6.010319	0.362479
305	0.500207	0.363174
496	4.750606	0.363282
490	1.144845	0.363399
584	4.722789	0.363614
492	6.169411	0.36374
592	3.652559	0.365713
519	4.428419	0.365795
413	4.15068	0.36613
446	0.311773	0.367124
536	0.85042	0.367299
571	0.521824	0.367548
526	3.312297	0.36761
584	2.069183	0.368358
594	3.848031	0.368679
590	4.276371	0.368836
353	1.473253	0.369008
582	0.878017	0.369087
598	1.807965	0.369334
588	0.700435	0.369797
532	5.404069	0.370031
540	0.579447	0.370201
557	5.743877	0.370705
473	3.374141	0.370793
578	0.171779	0.370908
434	3.620309	0.371127
488	5.726003	0.371285
584	1.32802	0.37137
509	0.781959	0.37246
513	3.057752	0.372677
530	5.044946	0.373333
550	5.348018	0.373668
588	4.940479	0.373939
515	0.174208	0.374171
534	1.953635	0.374297
509	2.28329	0.374706
523	0.286618	0.374721
266	4.320655	0.375064
590	1.127419	0.376633
530	2.128271	0.376677
501	1.322501	0.376818
448	4.718938	0.37691
590	5.307236	0.376966
578	4.736398	0.377803
511	6.249982	0.37823
576	1.795727	0.379806
353	4.815782	0.379965
594	1.13277	0.38002
565	4.22095	0.380883
507	1.622531	0.381674
542	4.770314	0.38188
548	3.294903	0.381903
548	1.429575	0.382872
569	0.692968	0.383299
413	4.80096	0.3833
373	1.920399	0.383664
598	2.401343	0.383908
594	1.070477	0.384126
594	1.74135	0.384512
503	2.39703	0.384765
413	1.067679	0.385406
507	4.478088	0.385444
480	1.393106	0.38566
580	1.953347	0.386446
519	5.624305	0.387101
521	1.612427	0.38729
490	4.325032	0.387382
559	1.158091	0.387464
375	4.738707	0.387792
578	0.480591	0.388772
461	1.157884	0.389103
544	3.979646	0.389444
476	5.49025	0.389661
538	2.863568	0.390111
563	5.154149	0.391873
521	4.694268	0.392075
588	1.033527	0.39232
540	3.58246	0.392626
350	6.167418	0.392679
217	1.635719	0.392816
167	1.670977	0.392941
582	5.059411	0.393934
540	1.74226	0.394533
553	5.197016	0.39462
382	3.431214	0.394728
528	3.293663	0.394953
519	4.454818	0.395003
480	2.121911	0.395064
515	6.268751	0.395287
544	0.552245	0.395288
380	4.951311	0.395298
557	3.594296	0.396198
590	5.104561	0.396306
526	4.198803	0.398012
594	0.909505	0.398013
455	1.161981	0.398174
523	4.974047	0.398188
600	4.768532	0.39837
592	5.329948	0.398786
494	1.624548	0.399823
573	3.250995	0.400182
478	5.698817	0.400533
484	1.231521	0.400667
363	2.494602	0.400869
517	2.011378	0.401746
592	5.051543	0.40187
596	4.527375	0.403008
348	2.946134	0.403093
578	5.232386	0.40319
592	2.693249	0.403283
578	1.897491	0.403358
553	2.807437	0.404713
592	1.622883	0.405038
405	1.588774	0.406027
446	4.809015	0.406402
582	4.791492	0.406611
561	1.480245	0.407041
440	6.132116	0.408477
364	2.690816	0.408709
426	0.249614	0.408718
594	0.996348	0.408779
565	2.504487	0.409352
169	0.554888	0.409503
430	4.239558	0.410063
600	2.690165	0.410205
496	5.303639	0.410305
373	5.962615	0.411299
548	0.505493	0.411502
492	0.514582	0.411841
505	1.797691	0.411927
540	4.867316	0.411997
569	5.266051	0.41215
521	4.855371	0.412192
525	0.239835	0.412395
375	5.62846	0.412575
569	5.404339	0.413301
492	6.111432	0.414348
553	4.51906	0.414387
293	2.55626	0.414939
578	6.163124	0.41615
532	5.589723	0.416371
578	3.25177	0.417589
476	3.212901	0.417925
465	0.987532	0.417977
559	1.299445	0.417979
598	1.641995	0.418358
590	0.161963	0.419128
594	1.463685	0.419569
413	0.999908	0.419813
509	5.207459	0.420266
598	6.085123	0.420675
338	0.992588	0.420715
480	1.066178	0.420719
563	3.270093	0.420778
425	0.981204	0.420859
565	5.404116	0.420903
559	1.000014	0.421269
542	1.864395	0.421805
555	0.578688	0.421806
511	1.843124	0.422639
586	1.344386	0.423495
376	0.20656	0.423546
598	5.602409	0.423665
594	0.980888	0.42393
567	4.639787	0.424596
590	3.54652	0.424938
438	0.985352	0.425298
561	2.582578	0.425786
344	2.026536	0.425828
563	1.621142	0.426216
473	4.796068	0.426664
596	2.36814	0.426784
582	1.036025	0.426941
484	0.982658	0.427035
565	4.5418	0.427598
578	1.971825	0.427667
425	4.094006	0.427988
484	0.241049	0.428603
532	6.178171	0.42867
492	4.635915	0.428726
594	3.276897	0.428777
463	1.522869	0.428784
448	0.32179	0.429068
334	5.97776	0.429381
475	3.56477	0.429582
467	4.414611	0.430335
370	5.099446	0.430489
511	5.309225	0.430593
600	1.768855	0.430616
590	2.700948	0.431304
528	0.891466	0.431517
476	2.860658	0.431964
555	5.100513	0.432294
358	4.516179	0.433534
563	4.367731	0.433866
509	3.958837	0.434056
507	1.896731	0.43433
536	5.244817	0.435247
526	5.812534	0.435471
534	0.995314	0.43613
544	5.201197	0.436196
421	3.936191	0.436476
571	0.592164	0.437088
596	1.678697	0.437183
498	1.935028	0.437215
494	3.710567	0.437935
511	4.047628	0.438107
540	3.964485	0.438234
263	1.762486	0.438621
355	6.273409	0.438801
600	1.436724	0.438948
530	3.072737	0.440142
598	0.809158	0.440786
461	5.431794	0.441064
391	5.790163	0.442354
546	2.690854	0.442809
575	1.812137	0.442889
573	5.182797	0.443038
578	2.098457	0.443188
517	0.306848	0.444328
432	6.05242	0.444507
592	5.666877	0.445037
551	4.460673	0.445152
567	2.140009	0.445204
582	4.538571	0.445716
590	5.700232	0.446162
519	1.00494	0.446448
540	5.302593	0.446663
478	4.663604	0.447205
582	1.145736	0.447326
428	5.692586	0.447591
592	0.874524	0.447905
592	4.428928	0.449085
496	0.331978	0.449762
530	5.164932	0.449804
596	0.592389	0.450001
459	2.025085	0.45002
582	2.138992	0.451078
482	3.239795	0.451088
584	3.790711	0.451235
538	5.202498	0.451378
515	3.193313	0.451523
578	1.48238	0.45199
580	3.267747	0.452264
588	2.53789	0.452266
561	6.119458	0.452366
571	5.729317	0.452479
571	0.539545	0.452663
565	0.572474	0.452686
513	0.564701	0.452753
534	1.562045	0.452979
571	6.263044	0.452999
356	2.586431	0.453909
565	4.692404	0.454658
455	4.143391	0.454982
563	3.247659	0.455508
553	4.746533	0.455515
391	4.584711	0.455716
596	5.604977	0.456831
411	2.463771	0.45697
584	2.851787	0.45741
488	4.973129	0.457807
576	5.073881	0.458366
436	4.1135	0.458938
530	3.96363	0.459039
588	2.80576	0.459465
569	1.094458	0.462181
375	3.85466	0.462998
569	5.111021	0.464556
530	3.230291	0.464603
592	2.394552	0.464781
567	0.021519	0.465107
451	4.913427	0.465341
534	5.782227	0.465542
273	4.078339	0.466264
540	5.886865	0.467106
538	2.066021	0.467152
496	5.287473	0.467901
540	3.259366	0.468205
598	6.072967	0.468581
380	4.178268	0.46911
328	1.989338	0.469423
565	0.830999	0.469424
594	5.282059	0.46956
578	5.525695	0.469915
546	5.851221	0.470107
586	5.837203	0.470131
417	3.946398	0.470325
576	5.318209	0.471085
563	0.641937	0.471459
586	4.353798	0.472006
569	0.701113	0.472301
578	0.872361	0.472483
217	3.861486	0.472534
569	0.009429	0.472718
444	5.463441	0.472935
598	5.165882	0.473602
596	2.678332	0.473609
525	2.181943	0.475056
417	0.74169	0.475792
519	0.346737	0.475848
523	3.25679	0.475921
578	4.535268	0.476203
446	1.136005	0.477359
551	3.770056	0.47845
571	4.257682	0.478607
438	3.650221	0.479829
494	3.367171	0.480676
584	3.437837	0.480943
515	4.609228	0.481132
580	1.076024	0.481713
528	0.882259	0.481843
586	5.618507	0.481859
509	1.541682	0.481925
419	3.434713	0.482145
594	1.939746	0.482371
553	1.465751	0.482801
523	0.713193	0.483581
342	4.653325	0.483854
500	5.240797	0.484394
465	2.109747	0.485104
358	1.944856	0.485172
446	0.513691	0.485281
409	5.304791	0.485449
432	3.455244	0.486523
509	2.20986	0.486841
471	1.902204	0.4869
517	4.948972	0.487115
478	1.962677	0.48723
509	2.337265	0.487428
266	5.108245	0.487993
551	1.531384	0.488128
578	1.724389	0.489082
94	2.030357	0.489152
438	5.474053	0.489698
578	3.580763	0.489824
133	6.037844	0.490131
540	1.960622	0.490758
582	1.57116	0.490889
586	4.138933	0.491427
561	4.608259	0.491919
598	5.460568	0.493066
523	2.323369	0.493215
411	3.259136	0.493381
523	5.852631	0.494455
590	2.32392	0.494478
592	5.777005	0.494772
509	0.32324	0.497938
220	1.423715	0.499302
555	5.819121	0.499304
584	5.003108	0.499659
576	0.606288	0.499908
553	5.29813	0.500818
598	0.45863	0.501515
459	0.353916	0.501578
463	5.690366	0.501673
377	2.298144	0.501962
434	4.7453	0.502
584	4.937529	0.502369
569	5.726859	0.502545
544	4.532656	0.503057
542	4.804094	0.503873
395	2.021579	0.504124
496	1.766089	0.505639
521	0.252356	0.50601
548	1.077779	0.506168
590	0.601946	0.506271
379	0.874146	0.506992
261	0.036591	0.507732
405	4.048428	0.507986
598	5.312457	0.508717
573	3.990202	0.509012
428	0.732636	0.510462
356	4.702632	0.510473
528	5.941785	0.511516
600	2.68886	0.511566
421	0.168244	0.511599
523	4.670415	0.511765
598	1.84789	0.51207
478	6.213332	0.512459
476	3.762206	0.512602
588	2.831601	0.513408
544	5.126244	0.514225
411	1.6379	0.514851
484	1.598607	0.515091
353	0.493411	0.51626
526	4.014903	0.516902
553	5.079459	0.516989
557	2.61627	0.517409
532	2.391107	0.517564
557	4.799079	0.517777
555	0.646498	0.517832
467	3.816503	0.519144
551	0.131431	0.519266
486	4.40979	0.520223
553	4.195088	0.520999
592	4.8038	0.521135
563	5.25176	0.521823
505	1.359784	0.521914
503	5.78463	0.521965
538	1.42755	0.52222
534	4.999432	0.522233
580	0.443547	0.524423
598	5.655888	0.524561
596	0.318478	0.524719
426	0.312674	0.525165
457	5.146002	0.526273
557	5.715275	0.52664
455	4.705855	0.526901
592	1.427406	0.527239
283	5.947219	0.527462
305	5.554232	0.527563
403	1.881205	0.527881
596	5.17366	0.528083
507	4.028237	0.528632
469	0.57759	0.528886
580	5.596836	0.529008
538	5.406125	0.529435
419	5.36425	0.530031
322	3.804081	0.530076
494	6.112251	0.530839
550	1.477569	0.532195
565	1.695448	0.532205
578	1.32751	0.532232
486	5.041446	0.532788
511	4.743052	0.533404
511	2.331078	0.533706
588	2.818119	0.535508
596	2.292302	0.535777
401	5.435227	0.536161
532	4.995877	0.5364
453	3.404592	0.537299
291	0.171595	0.53863
598	2.694744	0.539082
469	4.285215	0.539163
444	4.451856	0.539766
511	1.985949	0.54036
306	2.402651	0.540407
555	5.940757	0.540453
540	4.585515	0.543811
457	2.51639	0.543877
328	1.012617	0.543994
598	5.526167	0.544275
538	3.615649	0.544369
505	4.624943	0.544587
590	1.416512	0.544961
561	5.334696	0.545678
507	2.537645	0.545903
446	6.169535	0.546729
469	4.070675	0.54732
532	1.857851	0.547915
382	4.764325	0.548126
546	0.310291	0.548464
526	1.261934	0.54869
507	1.161098	0.548719
380	2.959154	0.550319
563	0.065951	0.550401
488	3.845062	0.551038
283	4.368965	0.551557
584	0.683811	0.551656
538	3.937949	0.552987
473	2.802071	0.55322
561	4.41991	0.553298
563	4.136562	0.553894
480	4.995845	0.554043
584	3.061192	0.554076
440	1.95961	0.554734
528	3.988515	0.554805
523	0.643431	0.555043
592	6.11701	0.555232
538	5.88076	0.555712
323	1.021594	0.556474
484	1.486584	0.557119
536	2.622435	0.557194
596	4.903763	0.557232
561	0.773565	0.557358
503	1.13519	0.557689
463	2.786943	0.55809
505	1.533397	0.560684
446	4.974244	0.561045
580	0.288796	0.561682
584	0.857771	0.561722
400	5.340098	0.561824
494	1.451799	0.561857
563	5.25607	0.56232
538	4.737811	0.562533
540	0.883652	0.562693
425	0.978771	0.563532
569	5.804456	0.563532
573	3.71429	0.563669
536	5.41507	0.563868
503	2.3542	0.565815
540	4.540726	0.566719
596	2.323812	0.566795
600	5.497708	0.567159
598	2.266887	0.567504
528	4.118928	0.567508
567	4.930035	0.568125
588	4.410094	0.568169
534	1.787606	0.569098
519	1.376208	0.570499
582	0.474271	0.570538
375	4.969579	0.57054
476	1.62462	0.570607
567	1.456121	0.571575
588	2.562754	0.572159
526	3.862536	0.572267
563	2.261583	0.572501
586	5.177449	0.574013
526	4.961204	0.574244
586	2.449798	0.574249
578	2.342858	0.574399
494	0.090583	0.574409
322	5.194818	0.574463
590	4.022165	0.57481
467	3.213601	0.577037
557	1.001579	0.577554
300	2.960424	0.577603
538	4.526189	0.577705
569	0.332988	0.577964
214	1.295879	0.578858
565	3.138506	0.578877
534	5.799852	0.57897
442	5.803165	0.57907
530	4.715032	0.579693
598	1.63192	0.580221
521	3.288411	0.580281
582	1.426172	0.580536
594	0.536538	0.580921
540	4.193386	0.581301
538	4.719367	0.581391
328	3.994641	0.58146
592	4.239673	0.581938
578	0.593138	0.582225
382	4.930906	0.582286
409	1.388303	0.582454
426	2.039879	0.583215
475	5.471165	0.583597
598	4.872185	0.584147
538	6.172518	0.584637
473	2.861213	0.584807
580	5.072607	0.585006
590	1.473773	0.585717
571	4.457597	0.585877
548	0.137142	0.586117
521	1.095123	0.586201
584	3.047953	0.586882
553	2.49024	0.587392
576	1.819543	0.587844
469	4.286907	0.588235
515	2.723337	0.5885
492	0.160924	0.588513
550	5.303169	0.588691
569	5.12662	0.589841
503	2.731066	0.589852
417	4.28634	0.589909
580	4.978202	0.589956
582	1.868467	0.590487
596	0.655704	0.590513
451	0.599145	0.590748
526	4.252887	0.590951
582	0.633412	0.591089
600	2.394827	0.591361
511	1.538805	0.591971
575	0.254105	0.592559
538	1.396331	0.592681
596	1.154642	0.592715
400	1.801132	0.592738
548	0.9703	0.592799
225	5.437602	0.592877
569	4.951823	0.592884
523	1.864769	0.593573
546	2.857847	0.594022
594	2.783238	0.594783
582	5.314129	0.594989
534	3.48395	0.595126
528	3.05891	0.596949
354	2.850605	0.597176
430	0.867125	0.597299
484	0.597943	0.597339
480	4.041708	0.599273
451	5.441845	0.599941
245	2.448077	0.600262
540	5.16895	0.60064
363	3.629375	0.601167
528	5.112815	0.601311
538	1.859623	0.601685
459	1.429632	0.601717
555	0.667058	0.602881
473	1.136258	0.603305
507	2.003489	0.603615
503	5.815424	0.603966
586	2.422687	0.604463
494	3.62659	0.60501
586	4.09635	0.605194
407	0.679722	0.605472
600	1.419022	0.608372
492	5.575967	0.609064
586	3.096636	0.609676
513	5.317369	0.610565
338	0.565232	0.610645
584	3.589809	0.610673
567	2.203834	0.611065
584	5.174304	0.611098
561	5.138601	0.611257
536	2.000792	0.611709
381	0.74837	0.611912
373	5.219873	0.612323
467	2.493818	0.612672
459	0.781305	0.614061
525	3.940529	0.614463
530	4.324256	0.614794
486	2.650408	0.615137
383	5.383918	0.615242
525	0.162989	0.617842
555	2.102774	0.618076
496	4.465876	0.618094
555	1.426394	0.618847
459	3.743718	0.619757
465	5.681126	0.619767
569	5.450666	0.620698
586	5.917241	0.620944
559	0.409742	0.621479
128	0.304255	0.621701
598	6.052292	0.621974
578	5.920207	0.622253
463	4.150534	0.622355
588	1.396861	0.624585
540	1.802314	0.624621
442	1.042681	0.624671
578	3.428443	0.624808
532	2.511826	0.625018
517	3.078694	0.626475
569	4.485647	0.627188
523	5.263763	0.627859
598	2.894396	0.628066
565	5.503113	0.628798
592	4.348173	0.629016
534	3.148831	0.629056
405	4.799054	0.629443
569	2.093775	0.62975
584	4.65517	0.629847
488	2.87781	0.629946
584	5.00605	0.630067
453	0.663671	0.630888
596	2.060097	0.63127
588	3.788561	0.631757
501	4.093789	0.63263
586	5.938763	0.632918
580	4.70674	0.633347
507	3.566851	0.633463
413	2.920453	0.633719
573	5.088298	0.633866
440	2.50552	0.635258
517	4.747465	0.63533
517	4.240285	0.635739
580	6.238168	0.635744
555	5.202277	0.635861
598	5.364007	0.636256
540	4.755948	0.636454
578	2.50239	0.636814
455	4.22794	0.63687
507	5.442857	0.636879
571	4.659791	0.638011
576	4.902635	0.638031
553	5.707833	0.638442
551	3.816346	0.639247
586	4.203289	0.639346
521	4.098795	0.639424
496	4.184254	0.639551
421	1.276853	0.640592
407	2.739666	0.640667
580	2.572064	0.641367
528	3.120799	0.641524
484	1.928788	0.641593
498	0.079974	0.642026
423	2.438419	0.642334
536	5.299399	0.642389
274	4.516247	0.642441
594	0.153411	0.642848
551	5.277138	0.642963
548	3.462733	0.643809
277	4.950208	0.644003
582	5.371196	0.644652
588	4.277382	0.645347
569	5.213316	0.645691
578	4.853479	0.645752
451	0.636313	0.646013
498	3.507666	0.646365
584	5.235639	0.64652
576	5.241463	0.647496
590	5.61715	0.64781
592	0.501608	0.64801
465	4.553917	0.648325
594	1.759415	0.648342
507	3.555204	0.648956
321	1.569575	0.649487
355	4.69604	0.650144
542	0.506816	0.650166
521	3.885522	0.650514
494	0.505748	0.650619
511	4.527701	0.650854
592	4.606387	0.651035
557	1.354	0.651048
386	1.531701	0.651107
519	0.679135	0.651224
569	5.601662	0.651906
469	5.167378	0.651955
440	4.033875	0.652277
446	1.416566	0.652498
590	4.299631	0.652649
530	1.820853	0.65266
544	2.666921	0.652787
571	5.969833	0.653046
573	0.23331	0.653073
569	3.445479	0.653159
578	1.870137	0.653542
430	1.264976	0.654292
580	1.787824	0.654721
405	2.036163	0.654801
588	5.932251	0.656118
444	4.907778	0.656289
567	2.358435	0.656319
588	0.365104	0.658251
590	1.08323	0.658477
370	5.829268	0.658841
500	5.19576	0.660193
521	0.560624	0.660768
540	1.30575	0.661312
590	2.788732	0.661656
569	4.170432	0.662296
573	0.474066	0.662403
534	0.092155	0.662679
563	2.238026	0.663519
534	6.17314	0.663642
488	5.313597	0.663799
561	1.084757	0.663928
391	5.562317	0.663999
563	1.828442	0.664144
405	5.045615	0.665561
594	6.112518	0.666409
521	2.963275	0.666467
584	3.986301	0.667847
557	5.687388	0.668229
340	3.805165	0.668598
334	3.386069	0.668776
444	0.744303	0.668788
600	5.399149	0.668962
555	0.757953	0.669119
482	2.008199	0.669238
590	3.776394	0.670087
393	1.730259	0.671003
438	2.384686	0.671118
569	1.599528	0.671651
521	1.367591	0.671684
548	5.217937	0.671717
425	0.247626	0.671939
575	3.605494	0.672017
465	5.64952	0.672541
526	3.60846	0.672698
471	0.104866	0.673302
551	0.776843	0.673958
584	5.511229	0.674698
582	6.155162	0.674783
505	0.074579	0.675122
594	0.279584	0.675243
594	5.189995	0.675616
405	5.194824	0.675829
578	5.29443	0.675941
432	5.527714	0.676044
573	0.100166	0.676386
56	4.873552	0.676889
571	4.530822	0.677384
540	2.025273	0.677845
187	0.807977	0.677896
336	4.375958	0.679327
478	5.318712	0.68075
413	4.080786	0.680855
482	3.254385	0.681005
550	5.9309	0.681559
578	2.280689	0.681749
494	5.034228	0.683228
371	1.533664	0.68327
482	5.010057	0.683384
436	1.523562	0.683842
576	5.95543	0.684187
538	2.883464	0.684379
498	6.157899	0.684805
586	3.925316	0.685308
600	3.337921	0.685541
559	4.901215	0.685912
440	1.883449	0.686273
563	3.006598	0.68655
523	1.739479	0.687505
457	5.573778	0.687567
519	0.179421	0.688683
528	5.95195	0.688804
555	4.818112	0.689532
575	5.508037	0.689565
465	4.025699	0.690829
436	0.83466	0.691352
496	4.906037	0.69137
459	2.509191	0.691524
584	5.916109	0.691702
571	2.575369	0.691706
569	1.31068	0.692103
511	0.77999	0.692247
400	4.878664	0.692343
503	4.905851	0.692387
563	4.275711	0.693047
401	5.820143	0.693154
542	2.539482	0.693908
590	2.051738	0.694128
586	1.443065	0.695105
586	1.740178	0.696428
553	4.545393	0.697693
559	4.677826	0.697817
473	4.683154	0.698267
350	1.037832	0.698311
536	1.995334	0.698577
473	1.392483	0.699893
523	3.492035	0.700761
467	3.463242	0.7008
592	5.217125	0.701149
584	1.469892	0.701316
498	0.707944	0.701525
580	5.940572	0.70208
598	6.17247	0.702261
557	2.523586	0.702317
227	5.332977	0.702612
578	1.251142	0.703587
576	3.635266	0.704029
509	4.092037	0.704298
426	5.309826	0.704497
592	5.223878	0.704573
550	5.995707	0.704704
340	3.935484	0.70495
538	5.65901	0.705349
509	2.763004	0.705558
505	2.877484	0.705639
521	3.856046	0.706146
569	1.390468	0.706251
444	1.11216	0.706575
596	3.845027	0.707973
501	3.479943	0.708125
548	0.438861	0.708204
580	0.808744	0.708294
540	1.764052	0.709011
482	3.211953	0.709655
494	1.937931	0.709868
557	4.975574	0.71007
530	4.49557	0.710171
586	0.501327	0.710387
509	5.169744	0.710643
600	0.085924	0.710862
496	0.494315	0.710868
467	4.492281	0.711694
428	4.061945	0.712672
542	4.065669	0.71383
590	4.787074	0.714481
261	0.821041	0.714812
528	4.94499	0.715499
503	5.33527	0.716038
590	1.408654	0.716097
569	0.783938	0.716165
594	0.058974	0.716209
525	2.607897	0.716557
314	1.319809	0.716909
511	0.217354	0.716963
586	1.397331	0.717091
600	2.939427	0.717135
596	1.391565	0.717251
580	5.386963	0.717301
409	5.68588	0.71829
442	5.485454	0.718504
584	2.714767	0.719598
379	1.337421	0.719681
594	5.027813	0.719733
544	4.595111	0.719837
384	1.20729	0.720207
430	3.288867	0.72181
419	0.422368	0.722679
569	1.443434	0.72365
557	2.693458	0.723744
228	2.715428	0.724302
598	3.727992	0.724644
573	5.941095	0.725165
519	4.951802	0.726103
567	6.126752	0.726284
501	5.165086	0.729078
505	1.792305	0.729225
413	2.359015	0.729259
582	1.404147	0.729629
573	1.135514	0.72969
492	5.951972	0.729883
588	1.477991	0.730234
576	1.603284	0.730495
255	4.313765	0.730972
600	4.409589	0.731227
575	5.75623	0.732326
500	2.202239	0.733068
561	2.322025	0.733091
567	2.863393	0.733183
590	5.403043	0.734325
509	6.108093	0.734399
571	0.306805	0.734462
580	3.539806	0.734892
496	3.988824	0.736032
582	1.092654	0.736075
444	4.395303	0.737209
415	6.029767	0.738728
170	0.54061	0.738795
525	4.24025	0.739575
565	5.125539	0.740241
588	2.135345	0.740559
469	4.337594	0.740664
467	4.156803	0.740889
448	1.742407	0.741574
578	0.850593	0.741828
594	4.44115	0.741984
582	1.515141	0.742236
393	0.982595	0.743135
500	0.444073	0.743753
575	1.92445	0.744487
594	6.270359	0.744527
534	5.312276	0.74564
553	6.032751	0.746267
421	1.388679	0.746862
596	5.146282	0.747319
588	1.585186	0.748955
391	2.692603	0.748999
600	5.336015	0.750204
580	3.420366	0.750625
551	3.150838	0.751286
501	5.151714	0.751849
507	5.892614	0.752646
432	4.165366	0.752909
358	2.194035	0.75378
519	2.853519	0.753809
469	2.921872	0.754115
553	4.385998	0.754282
590	2.416425	0.754295
592	1.136776	0.754649
484	6.187787	0.755171
428	5.673124	0.75527
592	0.439207	0.755689
417	5.986618	0.755945
540	0.878963	0.756244
580	1.234406	0.756867
546	5.295825	0.757107
567	5.078656	0.757269
573	4.405542	0.758002
559	5.410757	0.758505
482	4.745018	0.758559
555	3.085872	0.758716
484	2.979394	0.758917
515	1.774745	0.760574
580	3.047104	0.761408
507	3.83192	0.761698
590	5.133622	0.762817
496	2.321058	0.763171
295	1.317588	0.76486
370	3.699788	0.765406
302	5.519302	0.766686
544	0.296758	0.766935
209	4.953833	0.767
555	5.578304	0.767002
542	5.454504	0.768972
559	4.638619	0.769415
600	5.243639	0.770022
578	5.882016	0.77005
421	0.581292	0.771989
407	5.936356	0.772767
528	0.71596	0.773129
467	6.197695	0.773774
484	0.433498	0.774684
536	5.468317	0.774707
565	0.123161	0.774829
584	3.834655	0.775006
534	5.490471	0.776176
428	0.160464	0.776472
273	2.921962	0.776647
438	1.758784	0.7771
586	1.572168	0.778287
596	0.339012	0.778973
498	5.134033	0.780078
569	0.262052	0.780377
478	5.508274	0.781752
364	0.82682	0.782915
598	0.977804	0.783387
530	0.336343	0.783694
476	4.227057	0.78426
235	1.568744	0.784481
559	1.003886	0.78484
576	6.205714	0.785256
428	5.78591	0.78565
536	1.822206	0.787041
338	5.17043	0.787677
509	5.468596	0.78857
573	3.001267	0.788629
592	2.742825	0.789103
600	1.925501	0.78938
532	3.429011	0.790084
565	4.032084	0.790129
163	5.416768	0.790291
559	2.32214	0.79086
515	0.316637	0.791292
482	0.855528	0.791442
428	4.698465	0.791523
311	5.655044	0.791937
496	0.382453	0.7925
600	2.609038	0.792631
359	3.338512	0.793082
596	5.819885	0.793087
488	4.712114	0.794152
526	5.152362	0.794555
484	2.880862	0.794583
465	0.359275	0.794627
553	5.442574	0.795521
393	5.646058	0.795732
594	4.327484	0.795835
513	2.481294	0.795885
575	4.006619	0.796215
544	2.34238	0.796426
580	3.674803	0.798552
530	5.332367	0.799273
515	2.273367	0.79995
588	0.251592	0.800049
486	5.643077	0.800305
300	1.570512	0.801747
561	1.178673	0.801988
592	5.146912	0.802107
526	4.403625	0.802564
428	1.955611	0.802686
0	1.381812	0.802837
442	4.622787	0.802962
513	2.568191	0.803223
567	3.518047	0.803342
530	4.200996	0.803496
548	0.926937	0.803847
515	0.045033	0.804113
465	3.736692	0.804385
494	5.449524	0.804845
586	3.880353	0.804883
582	6.165101	0.805026
555	0.455716	0.805293
588	3.390871	0.805941
446	1.991978	0.806
573	0.310567	0.806062
542	2.808028	0.806412
565	5.961831	0.806607
478	4.539394	0.807052
582	4.454993	0.807637
451	4.274926	0.808319
484	6.054784	0.809612
482	6.222248	0.810187
354	6.18528	0.810869
534	1.141239	0.81156
511	5.851328	0.812218
501	5.626281	0.812282
565	4.346686	0.813556
596	3.0125	0.814326
532	1.701913	0.814815
557	1.819219	0.815169
582	5.608279	0.815319
310	5.295441	0.815806
475	5.782609	0.815853
598	4.09397	0.81678
521	5.294021	0.81709
571	0.749164	0.817553
596	4.097081	0.819025
536	4.980472	0.819172
578	1.355748	0.81965
555	3.50415	0.820337
503	0.393141	0.820432
536	0.189667	0.820737
405	2.372016	0.82304
557	0.770363	0.823168
557	3.381324	0.823739
530	0.784657	0.824155
561	1.901689	0.824503
476	0.303261	0.824527
567	6.263805	0.826516
582	0.607727	0.826937
592	2.070341	0.827039
555	5.479645	0.827557
557	4.421326	0.827577
578	0.341072	0.82763
523	5.497028	0.829398
484	2.071323	0.830159
399	5.526592	0.831623
482	3.943566	0.831721
347	5.888437	0.832643
448	1.084989	0.832742
459	5.303495	0.832772
578	0.839674	0.832979
340	3.080736	0.833907
354	0.972691	0.834052
494	5.444648	0.834825
594	1.029611	0.835515
515	5.181215	0.836146
594	1.95794	0.836374
385	0.918805	0.837674
584	5.509065	0.838295
349	2.352768	0.838497
542	2.012397	0.84006
557	0.052292	0.84042
569	0.843857	0.840847
467	0.944611	0.841119
580	1.430785	0.841715
598	0.711359	0.842388
500	0.19515	0.842722
600	6.107302	0.844413
576	2.702855	0.844689
500	4.374897	0.844855
391	1.112199	0.844904
600	5.724344	0.845388
494	0.450232	0.846779
546	0.977851	0.846895
590	0.756384	0.847705
503	4.610405	0.847979
519	6.106453	0.848672
318	0.427569	0.848728
550	1.019466	0.849113
521	0.240364	0.849602
590	6.008623	0.849697
578	3.882012	0.850337
555	0.420859	0.850377
544	1.270408	0.850688
490	1.77875	0.851537
582	4.471659	0.851795
573	5.614981	0.852331
594	4.951439	0.852764
550	4.356962	0.852809
377	4.357865	0.853961
548	5.367143	0.854365
536	1.57829	0.854503
436	3.22804	0.854934
379	6.098809	0.855477
513	3.553737	0.855489
542	4.27251	0.855876
551	0.907786	0.856313
392	4.806396	0.857331
557	6.152823	0.857534
563	5.48222	0.85863
544	0.517306	0.858776
513	1.949158	0.858905
584	0.886708	0.858935
446	5.372619	0.859057
421	0.716432	0.859203
453	5.121204	0.859791
384	1.679435	0.860236
584	6.055219	0.860368
482	5.701962	0.860615
249	3.610836	0.86068
446	0.170887	0.8614
486	3.816429	0.861638
596	5.353955	0.861904
538	5.593812	0.861997
478	6.076135	0.862297
590	2.667709	0.863162
415	3.70136	0.863205
582	0.073746	0.863269
544	1.913456	0.863321
559	2.952656	0.863524
496	5.866558	0.863527
521	0.913531	0.864095
600	5.055478	0.865147
565	5.969608	0.865383
584	5.683855	0.865688
411	0.824867	0.865921
573	3.911205	0.866191
551	1.963196	0.866952
567	3.48299	0.867115
407	6.005819	0.868017
588	1.88474	0.868999
551	5.795682	0.869123
571	2.599305	0.86952
592	1.509277	0.869633
544	3.790136	0.86996
584	5.026913	0.870099
187	0.891524	0.870243
553	1.568013	0.871346
600	0.005763	0.872344
498	0.630128	0.872783
559	4.433603	0.873343
578	1.131059	0.873515
444	6.039624	0.873569
538	5.579633	0.873877
557	0.868848	0.874325
471	5.241917	0.874493
494	5.452533	0.874884
467	5.133196	0.87651
567	0.866678	0.876546
592	1.138611	0.877148
405	0.635401	0.877527
425	5.896111	0.877594
500	1.126796	0.877826
515	5.110858	0.878016
592	5.420154	0.878598
473	1.075926	0.878797
571	4.09528	0.880055
578	2.024887	0.880237
590	6.192162	0.880898
536	0.183542	0.881611
536	5.156752	0.88178
588	3.045095	0.883456
592	5.97849	0.884479
446	0.452303	0.884686
546	1.032399	0.884814
480	4.944629	0.885029
573	3.567963	0.885141
551	4.664708	0.886287
575	5.808279	0.887036
544	1.122271	0.887777
469	0.856095	0.889031
548	0.213071	0.889561
557	5.660524	0.891239
511	0.582947	0.891279
578	1.630817	0.89313
523	5.681458	0.893427
584	5.123976	0.894258
550	5.86891	0.894583
542	0.77163	0.894679
580	4.806162	0.895371
598	4.79937	0.896192
511	3.735738	0.896524
436	1.891019	0.897601
569	5.290656	0.898209
161	4.697581	0.898653
526	2.131302	0.898961
578	0.452058	0.899121
494	5.922661	0.899638
467	3.24642	0.899931
519	1.338153	0.900564
478	2.394912	0.900673
329	2.499634	0.901965
415	5.103803	0.902849
594	4.862989	0.903772
461	3.724005	0.903903
573	4.631073	0.904398
513	5.258293	0.904767
415	3.775151	0.904986
567	2.876732	0.905518
503	1.941466	0.905606
496	2.508148	0.908471
553	1.909223	0.909859
567	5.235536	0.910187
419	5.862389	0.911578
471	5.695041	0.912241
265	4.583378	0.912831
594	5.372787	0.912972
555	0.789209	0.913716
507	4.860491	0.913741
553	5.010976	0.915005
532	5.21692	0.915234
538	0.279426	0.916339
592	5.635065	0.918404
575	6.017777	0.918994
557	2.265848	0.919993
388	0.760343	0.92088
538	1.192422	0.921618
584	6.052664	0.921826
526	0.138258	0.922226
526	4.346794	0.923513
528	4.197921	0.923559
588	3.575785	0.923648
569	0.944384	0.92383
538	4.937478	0.924572
594	6.133096	0.924667
428	5.195099	0.924819
594	0.582756	0.926052
478	1.221348	0.926415
548	1.308003	0.92774
536	3.217921	0.928366
567	6.094264	0.928763
592	2.198281	0.928865
567	5.514337	0.930014
598	1.763617	0.930202
366	5.048808	0.93145
590	4.995654	0.931948
546	2.26182	0.932035
505	4.545517	0.932362
590	3.205838	0.932611
553	1.665778	0.932922
559	1.221589	0.933285
228	0.806214	0.933961
553	0.711186	0.934207
538	5.325483	0.935422
565	1.120145	0.935703
513	2.788583	0.936693
293	3.114666	0.93715
492	1.297156	0.938152
575	5.935456	0.939792
551	0.437287	0.940178
586	2.638091	0.940588
430	0.161317	0.940679
523	5.94436	0.940886
561	4.080883	0.94112
515	2.426827	0.942857
594	5.662053	0.943216
503	2.583545	0.943601
550	2.174084	0.944989
565	0.157684	0.945418
569	2.707529	0.946264
575	2.602447	0.946739
351	1.568726	0.947453
578	4.758313	0.947467
478	1.468637	0.949962
578	5.380455	0.950454
505	4.473879	0.950682
555	0.533639	0.950988
559	4.090762	0.951357
532	0.138627	0.951593
578	1.569919	0.952025
503	3.954382	0.952187
467	2.851762	0.95269
373	3.581145	0.954375
525	4.179162	0.955559
540	3.032866	0.956185
586	5.67547	0.957699
567	0.144741	0.958099
509	0.297615	0.95862
253	3.507777	0.958629
521	0.407706	0.95897
440	3.51345	0.959724
471	0.310226	0.962548
561	3.061854	0.962934
451	4.591145	0.963051
590	0.1976	0.963794
598	1.28741	0.964455
509	0.917247	0.96648
509	3.807073	0.966876
561	0.916316	0.967819
446	5.15775	0.968022
542	4.130238	0.968215
563	4.898408	0.969344
488	3.08455	0.970897
534	4.977348	0.971423
565	1.781134	0.972228
571	6.270714	0.97225
544	1.54831	0.972269
469	3.261958	0.972371
561	1.993098	0.973108
540	6.278863	0.973111
586	5.724741	0.97381
538	5.572998	0.973859
594	1.29514	0.974316
559	4.15509	0.974358
530	0.621151	0.974689
553	2.993034	0.974774
309	0.744802	0.975562
507	5.97675	0.975689
228	3.377329	0.976684
550	5.860453	0.976745
492	2.751642	0.977046
501	4.354632	0.977656
586	0.810136	0.97859
594	1.686116	0.982359
511	3.406568	0.98378
285	2.887821	0.984057
563	2.154769	0.985279
484	5.429577	0.985911
197	0.176743	0.986764
469	5.294441	0.987289
586	1.496743	0.987533
536	2.841331	0.987547
553	3.124024	0.987832
557	5.737279	0.988056
551	5.906525	0.988289
569	4.447796	0.989401
430	2.450974	0.989589
451	0.809573	0.989698
448	2.425263	0.990327
569	1.256653	0.990608
463	3.250909	0.99096
557	5.374632	0.990999
503	4.386433	0.991028
369	5.928144	0.991274
486	2.617393	0.991555
534	5.811107	0.99203
488	5.02513	0.992378
346	4.684143	0.99261
476	6.021757	0.993884
378	3.208892	0.995407
446	5.825153	0.995595
492	4.854526	0.995634
573	3.192857	0.995787
578	0.214813	0.99615
538	2.771409	0.996278
550	2.010733	0.996284
588	0.739637	0.99631
553	6.027981	0.996678
401	2.55921	0.997069
575	0.854337	0.997289
528	6.079152	0.997753
513	1.775108	0.997792
569	5.831331	0.998683
532	2.820346	1.001229
578	2.605892	1.002137
453	6.226599	1.002718
584	4.947011	1.00333
582	5.667771	1.003392
413	6.258681	1.003554
569	0.602472	1.003859
569	5.206667	1.003982
580	1.411371	1.004341
536	1.820458	1.004666
461	5.433878	1.004968
490	5.062616	1.006096
519	0.784579	1.006413
465	5.03492	1.007145
532	4.960013	1.009063
347	0.214105	1.009117
542	1.121961	1.009856
494	3.232559	1.009923
509	3.126337	1.010047
540	0.602125	1.010542
532	0.835242	1.010601
511	0.428156	1.011901
571	0.245288	1.012233
567	1.705125	1.015147
280	5.806948	1.015803
482	0.349434	1.016326
542	2.138301	1.016628
584	5.215772	1.016662
503	0.407659	1.018006
573	3.272304	1.019368
409	5.886861	1.019521
596	5.441138	1.019564
442	1.687751	1.019577
425	1.820705	1.019673
557	0.561454	1.019687
594	0.027297	1.01992
534	6.152334	1.02187
415	4.197062	1.022141
463	5.581831	1.023174
471	6.226708	1.023667
536	2.020251	1.024692
584	3.272799	1.025693
234	5.687624	1.025905
526	4.816764	1.026326
448	0.915912	1.027626
584	0.277579	1.02816
507	1.614357	1.028621
302	4.035766	1.02915
565	1.335789	1.029261
448	0.239995	1.029269
494	1.656419	1.029934
578	1.336066	1.030116
403	2.578707	1.030428
594	2.100269	1.030568
596	5.811707	1.031218
555	1.296605	1.031846
250	0.04	1.032366
515	1.066628	1.032455
438	0.247258	1.032905
450	0.409855	1.033796
561	5.684346	1.034472
496	3.889654	1.034869
526	2.842251	1.035334
590	6.063858	1.035552
426	4.935781	1.036526
580	1.375275	1.036824
521	4.202558	1.036916
532	5.80981	1.036979
536	6.05024	1.037068
498	5.495266	1.037399
528	1.772532	1.037455
534	1.802418	1.037576
548	0.176337	1.038712
592	0.002251	1.039502
600	2.172237	1.039712
492	1.902048	1.040882
488	5.617439	1.042837
415	4.264082	1.042921
594	1.548822	1.04525
598	1.088468	1.04559
430	0.912235	1.046156
590	3.527542	1.04625
494	0.971771	1.046667
530	2.684001	1.046945
490	1.639194	1.047179
596	0.52209	1.047333
592	3.942029	1.047648
492	5.553588	1.04891
478	5.991118	1.04896
498	6.119745	1.049527
540	5.11885	1.049977
304	0.374416	1.051306
596	3.353893	1.052779
598	0.159069	1.05289
536	0.005519	1.053401
391	1.323912	1.054917
578	1.619785	1.055113
590	5.632994	1.055218
517	5.294719	1.058374
588	4.456192	1.058518
530	4.048544	1.058896
473	5.704701	1.059286
526	0.010007	1.059467
588	6.252995	1.059493
290	0.247436	1.059707
330	2.226462	1.059737
473	1.142286	1.060042
586	5.587489	1.060399
501	5.812094	1.060446
559	6.271512	1.065109
580	4.905704	1.06549
557	3.02093	1.066094
461	1.034718	1.066555
428	5.696096	1.066759
488	0.231564	1.066808
600	3.329523	1.067361
555	1.337349	1.067616
511	5.578687	1.067869
573	0.007052	1.068541
511	5.71297	1.069413
548	3.230845	1.070056
521	2.41878	1.072041
598	1.501598	1.072967
578	1.73527	1.073063
575	3.620497	1.073195
265	4.293473	1.073626
342	1.648958	1.073644
576	0.767703	1.073744
555	0.073965	1.073955
530	5.739266	1.074106
590	0.280677	1.074779
546	4.29257	1.076805
553	5.983743	1.076811
151	2.896071	1.07776
519	0.223724	1.078711
586	0.108176	1.079155
326	5.433594	1.079251
526	4.603242	1.079946
571	0.090433	1.080001
598	2.327293	1.081444
505	5.260181	1.082022
592	3.431234	1.082837
582	5.286506	1.083471
496	5.663238	1.083535
584	4.055059	1.083841
551	6.111166	1.085828
538	6.234468	1.085853
551	5.782042	1.086989
386	6.129738	1.087032
509	6.003812	1.089648
555	2.178553	1.090955
584	5.089559	1.091827
276	5.578841	1.092322
563	4.130608	1.092571
436	1.397909	1.093514
453	5.754745	1.094287
473	6.106013	1.095017
586	4.891027	1.095182
475	5.781438	1.095814
536	5.83905	1.09614
588	4.505316	1.097362
453	0.143988	1.098367
578	3.166305	1.098393
569	5.97224	1.098488
457	5.365056	1.099455
389	2.493752	1.100636
419	1.440639	1.100731
555	1.035958	1.100818
544	4.349859	1.100833
375	5.776528	1.101645
385	0.969337	1.10334
542	0.59308	1.103682
475	5.813573	1.104638
550	5.872082	1.105284
538	4.02578	1.105521
459	0.986281	1.10558
573	5.329178	1.107092
403	1.274471	1.108383
417	2.404043	1.108625
561	5.928233	1.109759
367	5.744979	1.110476
394	0.49914	1.111253
594	1.841099	1.111373
538	0.224415	1.113192
544	0.470108	1.114426
565	2.468487	1.115982
561	2.65782	1.116181
490	5.328451	1.116663
600	5.883175	1.118497
559	4.061956	1.12065
592	6.056089	1.120896
546	0.221334	1.121332
426	2.269867	1.122732
428	0.769737	1.122811
419	3.684348	1.12357
571	0.536693	1.123819
517	4.772986	1.123943
534	6.206165	1.126006
407	0.893067	1.127239
448	4.367331	1.127292
590	4.460461	1.127493
544	2.34147	1.127555
573	0.521991	1.127868
451	5.776097	1.127965
345	3.627806	1.129634
444	5.242423	1.13134
453	0.485563	1.131935
571	5.582306	1.132227
567	2.265421	1.134825
571	5.877783	1.136773
501	4.433229	1.136815
517	1.137398	1.136916
584	2.245381	1.136999
542	4.958603	1.138969
548	3.383651	1.142118
557	2.03622	1.142417
308	1.001477	1.143646
448	4.825759	1.144301
550	2.723286	1.14435
600	2.748488	1.145396
582	2.55711	1.145411
542	0.872609	1.14585
521	1.494178	1.146642
509	5.064367	1.146934
375	4.488931	1.146936
476	2.801025	1.14697
505	1.626869	1.147004
501	0.687659	1.147474
582	3.963308	1.148226
291	3.916455	1.150737
484	3.387824	1.15182
519	0.382356	1.153261
578	1.560248	1.153594
546	0.011354	1.15365
563	5.747955	1.154436
557	0.183509	1.154494
328	5.976366	1.155421
473	1.283036	1.157898
496	3.40305	1.162346
590	5.424407	1.16339
530	0.016843	1.164348
490	3.065122	1.164916
463	3.349169	1.165711
600	5.618953	1.16604
596	5.312383	1.166803
444	2.392818	1.167159
553	4.312501	1.170139
596	6.078262	1.170699
596	2.970964	1.17113
492	2.401526	1.171712
598	4.242994	1.171889
538	0.020486	1.172277
486	6.036866	1.173021
523	2.528396	1.174123
567	2.224299	1.174561
521	3.990837	1.175441
490	0.650426	1.176393
476	2.814637	1.176551
596	4.798236	1.176964
592	2.185153	1.178569
576	1.793115	1.179352
370	2.367302	1.180359
290	5.028957	1.180912
592	4.853386	1.182927
553	6.230442	1.183452
594	4.216406	1.183507
411	5.248279	1.184616
492	0.15542	1.185531
515	5.257322	1.187297
465	6.102635	1.188771
451	0.374946	1.189092
475	4.590061	1.18917
576	3.625992	1.192354
509	2.800391	1.194454
534	1.967327	1.194953
600	1.539926	1.195054
532	2.150303	1.195098
598	1.103335	1.195571
600	6.235851	1.198493
580	3.673244	1.198669
513	1.073606	1.198691
553	0.506145	1.198784
569	4.779075	1.200019
496	4.611819	1.200037
548	4.310894	1.200229
580	0.308288	1.200415
559	1.897469	1.200859
371	5.323687	1.202187
569	1.805124	1.202328
592	0.750389	1.202331
446	2.805912	1.205608
494	4.283966	1.206186
369	3.272987	1.207793
536	2.540541	1.208426
513	4.091286	1.209221
584	2.237902	1.209861
526	1.653029	1.209864
498	3.037062	1.20992
305	3.016825	1.210056
559	1.17751	1.210882
423	3.717846	1.21183
465	5.115306	1.215901
455	3.287696	1.218034
573	5.12866	1.218333
448	2.506656	1.218766
565	2.85157	1.219189
538	0.232875	1.220967
451	3.293141	1.222111
563	5.806038	1.224044
536	3.207664	1.225223
594	0.398043	1.226352
372	5.184372	1.226409
596	6.140376	1.228014
388	5.622839	1.231517
586	0.449107	1.232595
511	5.873088	1.235186
523	1.838515	1.23584
586	1.000192	1.236935
586	6.089578	1.23723
490	0.532149	1.237558
553	5.109469	1.238996
513	3.565639	1.243412
453	4.949736	1.244369
430	5.680687	1.244615
503	1.005186	1.244987
478	4.802954	1.245078
453	6.174028	1.25039
557	1.747672	1.252253
453	4.001596	1.253562
348	4.017439	1.253739
494	0.917704	1.254261
567	4.552074	1.254366
596	3.256822	1.255413
569	4.691384	1.256727
580	1.107179	1.258843
442	4.633612	1.259286
584	2.508427	1.260233
490	2.543617	1.261046
598	2.818124	1.261664
492	5.685711	1.262225
465	5.802373	1.262593
488	3.51742	1.26347
525	2.184599	1.263746
446	0.538593	1.263989
563	4.612689	1.264591
580	5.366939	1.265918
596	3.210061	1.266259
586	4.326104	1.267321
590	4.366417	1.268358
561	0.210087	1.26841
365	4.804178	1.269445
526	5.795692	1.270048
501	0.689556	1.270918
550	2.610936	1.271989
507	0.429856	1.274789
519	5.756321	1.277237
575	5.815766	1.27946
413	5.042062	1.280289
592	2.267665	1.285085
528	5.915628	1.285315
484	2.095249	1.290113
582	6.193095	1.291591
526	4.91214	1.293035
152	3.886444	1.294256
557	0.847732	1.295787
526	1.319159	1.296241
534	0.837483	1.298418
594	0.208417	1.30634
590	3.905189	1.306923
565	5.373462	1.308206
557	5.75021	1.30894
532	1.482346	1.309761
588	3.223772	1.311798
590	4.243468	1.312666
492	5.921951	1.31549
432	6.055846	1.315763
582	4.914719	1.316568
578	3.398103	1.317243
565	1.59329	1.319224
374	3.785291	1.321143
465	2.771118	1.32144
517	4.265192	1.322165
538	2.179636	1.322207
590	4.946022	1.32273
586	5.474825	1.325149
588	0.061539	1.326905
503	0.547712	1.328461
507	5.234306	1.334863
586	3.554861	1.335992
471	5.068398	1.336216
538	5.014161	1.336238
548	0.674166	1.338987
598	4.204151	1.340309
555	3.164477	1.342262
513	4.666371	1.343246
405	1.832871	1.34351
588	1.782954	1.343733
528	5.56632	1.344118
567	2.858935	1.345433
555	0.545904	1.348806
400	4.064076	1.35
528	4.842193	1.353451
438	3.703807	1.353458
561	3.044314	1.354298
538	3.194817	1.354658
300	6.193085	1.354934
492	5.27477	1.356319
580	0.874087	1.356731
598	2.879575	1.357346
478	4.119227	1.35777
571	0.536475	1.359897
511	1.747421	1.361282
567	3.589521	1.362479
576	2.554794	1.36371
498	2.315949	1.364239
567	4.669485	1.366707
567	3.521	1.372592
594	5.889973	1.375744
600	4.354081	1.377392
586	4.301041	1.378174
515	1.407456	1.382835
469	0.812153	1.386114
594	2.115281	1.387184
557	5.725623	1.388441
555	1.77256	1.388697
584	3.81199	1.390332
519	4.712861	1.396302
507	4.536181	1.398645
509	5.735331	1.40165
578	5.606095	1.405423
507	5.443495	1.405906
515	1.09103	1.408458
509	1.16521	1.410649
500	3.142964	1.411155
578	5.364506	1.415301
467	1.310502	1.417102
375	2.518024	1.419415
517	5.359207	1.421093
538	0.732137	1.421547
507	3.189639	1.426107
409	4.389361	1.431821
366	1.968179	1.438353
561	3.884775	1.440116
546	2.753619	1.440918
573	3.588318	1.444304
434	5.966771	1.451311
530	1.178137	1.454563
526	3.356208	1.45586
567	2.655398	1.464652
582	2.747568	1.47048
421	5.996962	1.472118
544	0.926452	1.481984
532	1.576619	1.486709
546	5.982354	1.490048
582	5.817043	1.502865
393	0.299903	1.505471
486	4.591145	1.511216
551	4.779823	1.51246
409	2.00939	1.518789
594	0.3325	1.520977
588	6.139177	1.523803
530	4.524599	1.554
208	0.662392	1.557952
